categorie,description,detail,annee,nombre_csq
age,groupe_age,00-19_ans,2016,22373
age,groupe_age,20-24_ans,2016,4243
age,groupe_age,25-34_ans,2016,25294
age,groupe_age,35-39_ans,2016,9579
age,groupe_age,40-44_ans,2016,5068
age,groupe_age,45-49_ans,2016,2910
age,groupe_age,50-54_ans,2016,1552
age,groupe_age,non_disponible,2016,0
age,groupe_age,plus_de_55_ans,2016,3920
autres_immigrants,autres_immigrants,autres_immigrants,2016,683
immigration_economique,autres_catégories_économiques,aides_familiaux,2016,703
immigration_economique,gens_d'affaires,entrepreneurs,2016,301
immigration_economique,gens_d'affaires,investisseurs,2016,6211
immigration_economique,gens_d'affaires,travailleurs_autonomes,2016,93
immigration_economique,travailleurs_qualifiés,autres_travailleurs_qualifiés,2016,18
immigration_economique,travailleurs_qualifiés,emploi_assuré,2016,0
immigration_economique,travailleurs_qualifiés,peq_travailleurs,2016,4534
immigration_economique,travailleurs_qualifiés,peq_étudiants,2016,4907
immigration_economique,travailleurs_qualifiés,programme_pilote,2016,0
immigration_economique,travailleurs_qualifiés,prtq,2016,30527
implication,type_d'implication,personne_à_charge,2016,34849
implication,type_d'implication,requérant_principal,2016,40093
mouvement_special,victimes_du_séisme_en_haïti,haïti_-_cas_humanitaires,2016,0
pays,pays_de_naissance,afghanistan,2016,667
pays,pays_de_naissance,afrique_du_sud,2016,51
pays,pays_de_naissance,albanie,2016,121
pays,pays_de_naissance,algérie,2016,3685
pays,pays_de_naissance,allemagne,2016,165
pays,pays_de_naissance,andorre,2016,0
pays,pays_de_naissance,angola,2016,14
pays,pays_de_naissance,antigua-et-barbuda,2016,0
pays,pays_de_naissance,antilles_néerlandaises,2016,0
pays,pays_de_naissance,apatrides,2016,0
pays,pays_de_naissance,arabie_saoudite,2016,206
pays,pays_de_naissance,argentine,2016,62
pays,pays_de_naissance,arménie,2016,97
pays,pays_de_naissance,aruba,2016,0
pays,pays_de_naissance,australie,2016,75
pays,pays_de_naissance,autres_afrique,2016,0
pays,pays_de_naissance,autres_asie,2016,0
pays,pays_de_naissance,autres_océanie,2016,0
pays,pays_de_naissance,autriche,2016,11
pays,pays_de_naissance,azerbaïdjan,2016,18
pays,pays_de_naissance,bahamas,2016,8
pays,pays_de_naissance,bahreïn,2016,17
pays,pays_de_naissance,bangladesh,2016,416
pays,pays_de_naissance,barbade,2016,10
pays,pays_de_naissance,belgique,2016,290
pays,pays_de_naissance,belize,2016,0
pays,pays_de_naissance,bermudes,2016,0
pays,pays_de_naissance,bhoutan,2016,0
pays,pays_de_naissance,bolivie,2016,23
pays,pays_de_naissance,bosnie-herzégovine,2016,30
pays,pays_de_naissance,botswana,2016,5
pays,pays_de_naissance,brunéi_darussalam,2016,0
pays,pays_de_naissance,brésil,2016,671
pays,pays_de_naissance,bulgarie,2016,70
pays,pays_de_naissance,burkina_faso,2016,278
pays,pays_de_naissance,burundi,2016,545
pays,pays_de_naissance,bélarus,2016,101
pays,pays_de_naissance,bénin,2016,467
pays,pays_de_naissance,cambodge,2016,86
pays,pays_de_naissance,cameroun,2016,2808
pays,pays_de_naissance,canada,2016,38
pays,pays_de_naissance,cap-vert,2016,0
pays,pays_de_naissance,chili,2016,78
pays,pays_de_naissance,chine,2016,9195
pays,pays_de_naissance,chypre,2016,0
pays,pays_de_naissance,cit._brit.,2016,0
pays,pays_de_naissance,colombie,2016,1341
pays,pays_de_naissance,congo,2016,282
pays,pays_de_naissance,corée_du_nord,2016,0
pays,pays_de_naissance,corée_du_sud,2016,455
pays,pays_de_naissance,costa_rica,2016,58
pays,pays_de_naissance,croatie,2016,28
pays,pays_de_naissance,cuba,2016,434
pays,pays_de_naissance,curaçao,2016,0
pays,pays_de_naissance,côte_d'ivoire,2016,1723
pays,pays_de_naissance,danemark,2016,6
pays,pays_de_naissance,djibouti,2016,56
pays,pays_de_naissance,dominique,2016,6
pays,pays_de_naissance,el_salvador,2016,214
pays,pays_de_naissance,erreur!,2016,0
pays,pays_de_naissance,espagne,2016,157
pays,pays_de_naissance,estonie,2016,0
pays,pays_de_naissance,falkland,2016,0
pays,pays_de_naissance,fidji,2016,0
pays,pays_de_naissance,finlande,2016,13
pays,pays_de_naissance,france,2016,6060
pays,pays_de_naissance,gabon,2016,41
pays,pays_de_naissance,gambie,2016,6
pays,pays_de_naissance,ghana,2016,91
pays,pays_de_naissance,gibraltar,2016,0
pays,pays_de_naissance,grenade,2016,17
pays,pays_de_naissance,grèce,2016,70
pays,pays_de_naissance,guadeloupe,2016,34
pays,pays_de_naissance,guatemala,2016,100
pays,pays_de_naissance,guinée,2016,291
pays,pays_de_naissance,guinée-bissau,2016,0
pays,pays_de_naissance,guinée_équatoriale,2016,0
pays,pays_de_naissance,guyana,2016,10
pays,pays_de_naissance,guyane_française,2016,7
pays,pays_de_naissance,géorgie,2016,18
pays,pays_de_naissance,haïti,2016,2122
pays,pays_de_naissance,honduras,2016,85
pays,pays_de_naissance,hong_kong,2016,143
pays,pays_de_naissance,hongrie,2016,51
pays,pays_de_naissance,inde,2016,6825
pays,pays_de_naissance,indonésie,2016,43
pays,pays_de_naissance,iran,2016,2066
pays,pays_de_naissance,iraq,2016,217
pays,pays_de_naissance,irlande,2016,46
pays,pays_de_naissance,islande,2016,0
pays,pays_de_naissance,israël,2016,238
pays,pays_de_naissance,italie,2016,207
pays,pays_de_naissance,jamaïque,2016,86
pays,pays_de_naissance,japon,2016,112
pays,pays_de_naissance,"jersey,_bailliage_de",2016,0
pays,pays_de_naissance,jordanie,2016,238
pays,pays_de_naissance,kazakhstan,2016,64
pays,pays_de_naissance,kenya,2016,25
pays,pays_de_naissance,kirghizistan,2016,50
pays,pays_de_naissance,kosovo,2016,10
pays,pays_de_naissance,koweït,2016,124
pays,pays_de_naissance,laos,2016,11
pays,pays_de_naissance,lesotho,2016,0
pays,pays_de_naissance,lettonie,2016,16
pays,pays_de_naissance,liban,2016,902
pays,pays_de_naissance,libye,2016,156
pays,pays_de_naissance,libéria,2016,14
pays,pays_de_naissance,lituanie,2016,12
pays,pays_de_naissance,luxembourg,2016,7
pays,pays_de_naissance,macao,2016,0
pays,pays_de_naissance,macédoine,2016,0
pays,pays_de_naissance,madagascar,2016,123
pays,pays_de_naissance,malaisie,2016,26
pays,pays_de_naissance,malawi,2016,8
pays,pays_de_naissance,maldives,2016,0
pays,pays_de_naissance,mali,2016,188
pays,pays_de_naissance,malte,2016,0
pays,pays_de_naissance,maroc,2016,2646
pays,pays_de_naissance,martinique,2016,23
pays,pays_de_naissance,maurice,2016,319
pays,pays_de_naissance,mauritanie,2016,62
pays,pays_de_naissance,mayotte,2016,0
pays,pays_de_naissance,mexique,2016,664
pays,pays_de_naissance,micronésie,2016,0
pays,pays_de_naissance,moldova,2016,466
pays,pays_de_naissance,monaco,2016,6
pays,pays_de_naissance,mongolie,2016,6
pays,pays_de_naissance,monténégro,2016,0
pays,pays_de_naissance,mozambique,2016,6
pays,pays_de_naissance,myanmar,2016,16
pays,pays_de_naissance,namibie,2016,0
pays,pays_de_naissance,nicaragua,2016,25
pays,pays_de_naissance,niger,2016,87
pays,pays_de_naissance,nigéria,2016,241
pays,pays_de_naissance,norvège,2016,0
pays,pays_de_naissance,nouvelle-calédonie,2016,7
pays,pays_de_naissance,nouvelle-zélande,2016,16
pays,pays_de_naissance,népal,2016,893
pays,pays_de_naissance,oman,2016,6
pays,pays_de_naissance,ouganda,2016,11
pays,pays_de_naissance,ouzbékistan,2016,40
pays,pays_de_naissance,pakistan,2016,919
pays,pays_de_naissance,palestine,2016,42
pays,pays_de_naissance,panama,2016,11
pays,pays_de_naissance,papouasie-nouvelle-guinée,2016,0
pays,pays_de_naissance,paraguay,2016,0
pays,pays_de_naissance,pays-bas,2016,27
pays,pays_de_naissance,philippines,2016,3832
pays,pays_de_naissance,pologne,2016,76
pays,pays_de_naissance,polynésie_française,2016,7
pays,pays_de_naissance,porto_rico,2016,0
pays,pays_de_naissance,portugal,2016,76
pays,pays_de_naissance,pérou,2016,224
pays,pays_de_naissance,qatar,2016,11
pays,pays_de_naissance,roumanie,2016,493
pays,pays_de_naissance,royaume-uni,2016,244
pays,pays_de_naissance,russie,2016,393
pays,pays_de_naissance,rwanda,2016,274
pays,pays_de_naissance,rép._centrafricaine,2016,200
pays,pays_de_naissance,rép._dominicaine,2016,237
pays,pays_de_naissance,rép._du_soudan_du_sud,2016,0
pays,pays_de_naissance,rép._dém._du_congo,2016,1018
pays,pays_de_naissance,rép._tchèque,2016,12
pays,pays_de_naissance,réunion,2016,54
pays,pays_de_naissance,sahara_occidental,2016,0
pays,pays_de_naissance,saint-kitts-et-nevis,2016,0
pays,pays_de_naissance,saint-marin,2016,0
pays,pays_de_naissance,saint-martin,2016,0
pays,pays_de_naissance,saint-pierre-et-miquelon,2016,0
pays,pays_de_naissance,saint-vincent-et-les_grenadines,2016,93
pays,pays_de_naissance,sainte-lucie,2016,19
pays,pays_de_naissance,samoa,2016,0
pays,pays_de_naissance,sao_tomé-et-principe,2016,0
pays,pays_de_naissance,serbie,2016,23
pays,pays_de_naissance,serbie-et-monténégro,2016,6
pays,pays_de_naissance,seychelles,2016,5
pays,pays_de_naissance,sierra_leone,2016,7
pays,pays_de_naissance,singapour,2016,24
pays,pays_de_naissance,slovaquie,2016,12
pays,pays_de_naissance,slovénie,2016,11
pays,pays_de_naissance,somalie,2016,12
pays,pays_de_naissance,soudan,2016,33
pays,pays_de_naissance,sri_lanka,2016,350
pays,pays_de_naissance,suisse,2016,76
pays,pays_de_naissance,suriname,2016,0
pays,pays_de_naissance,suède,2016,17
pays,pays_de_naissance,swaziland,2016,0
pays,pays_de_naissance,syrie,2016,6124
pays,pays_de_naissance,sénégal,2016,552
pays,pays_de_naissance,tadjikistan,2016,38
pays,pays_de_naissance,tanzanie,2016,57
pays,pays_de_naissance,taïwan,2016,123
pays,pays_de_naissance,tchad,2016,136
pays,pays_de_naissance,tchécoslovaquie,2016,0
pays,pays_de_naissance,thaïlande,2016,60
pays,pays_de_naissance,tibet,2016,7
pays,pays_de_naissance,timor-leste,2016,0
pays,pays_de_naissance,togo,2016,351
pays,pays_de_naissance,tonga,2016,0
pays,pays_de_naissance,trinité-et-tobago,2016,23
pays,pays_de_naissance,tunisie,2016,1827
pays,pays_de_naissance,turkménistan,2016,5
pays,pays_de_naissance,turquie,2016,223
pays,pays_de_naissance,ukraine,2016,598
pays,pays_de_naissance,union_soviétique,2016,59
pays,pays_de_naissance,uruguay,2016,5
pays,pays_de_naissance,vanuatu,2016,0
pays,pays_de_naissance,venezuela,2016,504
pays,pays_de_naissance,vietnam,2016,550
pays,pays_de_naissance,wallis-et-futuna,2016,0
pays,pays_de_naissance,yougoslavie,2016,5
pays,pays_de_naissance,yémen,2016,37
pays,pays_de_naissance,z_-_non_disponible,2016,814
pays,pays_de_naissance,zambie,2016,12
pays,pays_de_naissance,zimbabwe,2016,27
pays,pays_de_naissance,égypte,2016,911
pays,pays_de_naissance,émirats_arabes_unis,2016,248
pays,pays_de_naissance,équateur,2016,39
pays,pays_de_naissance,érythrée,2016,92
pays,pays_de_naissance,états-unis,2016,990
pays,pays_de_naissance,éthiopie,2016,34
pays,pays_de_naissance,île_de_noël,2016,0
pays,pays_de_naissance,îles_caïmanes,2016,0
pays,pays_de_naissance,îles_comores,2016,6
pays,pays_de_naissance,îles_du_pacifique,2016,0
pays,pays_de_naissance,îles_mariannes_du_nord,2016,0
pays,pays_de_naissance,îles_marshall,2016,0
pays,pays_de_naissance,îles_salomon,2016,0
pays,pays_de_naissance,îles_turques_et_caïques,2016,0
pays,pays_de_naissance,îles_vierges_américaines,2016,0
refugies,réfugiés_reconnus_sur_place,famille_sur_place_d'un_réfugié_reconnu_sur_place,2016,179
refugies,réfugiés_reconnus_sur_place,famille_à_l'étranger_d'un_réfugié_reconnu_sur_place,2016,1751
refugies,réfugiés_reconnus_sur_place,réfugiés_reconnus_sur_place,2016,2132
refugies,réfugiés_sélectionnés_à_l'étranger,parrainage,2016,4396
refugies,réfugiés_sélectionnés_à_l'étranger,réfugiés_pris_en_charge_par_l'état,2016,3710
regroupement_familial,regroupement_familial,regroupement_familial,2016,14797
sexe,sexe,femmes,2016,37699
sexe,sexe,hommes,2016,37242
sexe,sexe,non_disponible,2016,0
age,groupe_age,00-19_ans,2017,18173
age,groupe_age,20-24_ans,2017,3535
age,groupe_age,25-34_ans,2017,18176
age,groupe_age,35-39_ans,2017,7839
age,groupe_age,40-44_ans,2017,4726
age,groupe_age,45-49_ans,2017,2741
age,groupe_age,50-54_ans,2017,1260
age,groupe_age,non_disponible,2017,0
age,groupe_age,plus_de_55_ans,2017,3054
autres_immigrants,autres_immigrants,autres_immigrants,2017,703
immigration_economique,autres_catégories_économiques,aides_familiaux,2017,389
immigration_economique,gens_d'affaires,entrepreneurs,2017,384
immigration_economique,gens_d'affaires,investisseurs,2017,5221
immigration_economique,gens_d'affaires,travailleurs_autonomes,2017,76
immigration_economique,travailleurs_qualifiés,autres_travailleurs_qualifiés,2017,6
immigration_economique,travailleurs_qualifiés,emploi_assuré,2017,0
immigration_economique,travailleurs_qualifiés,peq_travailleurs,2017,4402
immigration_economique,travailleurs_qualifiés,peq_étudiants,2017,4791
immigration_economique,travailleurs_qualifiés,programme_pilote,2017,0
immigration_economique,travailleurs_qualifiés,prtq,2017,21563
implication,type_d'implication,personne_à_charge,2017,27121
implication,type_d'implication,requérant_principal,2017,32384
mouvement_special,victimes_du_séisme_en_haïti,haïti_-_cas_humanitaires,2017,0
pays,pays_de_naissance,afghanistan,2017,818
pays,pays_de_naissance,afrique_du_sud,2017,59
pays,pays_de_naissance,albanie,2017,50
pays,pays_de_naissance,algérie,2017,4238
pays,pays_de_naissance,allemagne,2017,144
pays,pays_de_naissance,andorre,2017,0
pays,pays_de_naissance,angola,2017,31
pays,pays_de_naissance,antigua-et-barbuda,2017,0
pays,pays_de_naissance,antilles_néerlandaises,2017,0
pays,pays_de_naissance,apatrides,2017,0
pays,pays_de_naissance,arabie_saoudite,2017,407
pays,pays_de_naissance,argentine,2017,67
pays,pays_de_naissance,arménie,2017,46
pays,pays_de_naissance,aruba,2017,0
pays,pays_de_naissance,australie,2017,106
pays,pays_de_naissance,autres_afrique,2017,0
pays,pays_de_naissance,autres_asie,2017,0
pays,pays_de_naissance,autres_océanie,2017,0
pays,pays_de_naissance,autriche,2017,11
pays,pays_de_naissance,azerbaïdjan,2017,26
pays,pays_de_naissance,bahamas,2017,12
pays,pays_de_naissance,bahreïn,2017,11
pays,pays_de_naissance,bangladesh,2017,387
pays,pays_de_naissance,barbade,2017,7
pays,pays_de_naissance,belgique,2017,220
pays,pays_de_naissance,belize,2017,0
pays,pays_de_naissance,bermudes,2017,0
pays,pays_de_naissance,bhoutan,2017,6
pays,pays_de_naissance,bolivie,2017,6
pays,pays_de_naissance,bosnie-herzégovine,2017,14
pays,pays_de_naissance,botswana,2017,11
pays,pays_de_naissance,brunéi_darussalam,2017,0
pays,pays_de_naissance,brésil,2017,460
pays,pays_de_naissance,bulgarie,2017,36
pays,pays_de_naissance,burkina_faso,2017,386
pays,pays_de_naissance,burundi,2017,621
pays,pays_de_naissance,bélarus,2017,43
pays,pays_de_naissance,bénin,2017,711
pays,pays_de_naissance,cambodge,2017,97
pays,pays_de_naissance,cameroun,2017,3712
pays,pays_de_naissance,canada,2017,28
pays,pays_de_naissance,cap-vert,2017,0
pays,pays_de_naissance,chili,2017,79
pays,pays_de_naissance,chine,2017,6011
pays,pays_de_naissance,chypre,2017,0
pays,pays_de_naissance,cit._brit.,2017,0
pays,pays_de_naissance,colombie,2017,865
pays,pays_de_naissance,congo,2017,164
pays,pays_de_naissance,corée_du_nord,2017,0
pays,pays_de_naissance,corée_du_sud,2017,366
pays,pays_de_naissance,costa_rica,2017,64
pays,pays_de_naissance,croatie,2017,24
pays,pays_de_naissance,cuba,2017,367
pays,pays_de_naissance,curaçao,2017,0
pays,pays_de_naissance,côte_d'ivoire,2017,3281
pays,pays_de_naissance,danemark,2017,12
pays,pays_de_naissance,djibouti,2017,88
pays,pays_de_naissance,dominique,2017,0
pays,pays_de_naissance,el_salvador,2017,147
pays,pays_de_naissance,erreur!,2017,0
pays,pays_de_naissance,espagne,2017,89
pays,pays_de_naissance,estonie,2017,0
pays,pays_de_naissance,falkland,2017,0
pays,pays_de_naissance,fidji,2017,0
pays,pays_de_naissance,finlande,2017,9
pays,pays_de_naissance,france,2017,5495
pays,pays_de_naissance,gabon,2017,54
pays,pays_de_naissance,gambie,2017,11
pays,pays_de_naissance,ghana,2017,67
pays,pays_de_naissance,gibraltar,2017,0
pays,pays_de_naissance,grenade,2017,10
pays,pays_de_naissance,grèce,2017,61
pays,pays_de_naissance,guadeloupe,2017,38
pays,pays_de_naissance,guatemala,2017,91
pays,pays_de_naissance,guinée,2017,324
pays,pays_de_naissance,guinée-bissau,2017,0
pays,pays_de_naissance,guinée_équatoriale,2017,0
pays,pays_de_naissance,guyana,2017,6
pays,pays_de_naissance,guyane_française,2017,7
pays,pays_de_naissance,géorgie,2017,13
pays,pays_de_naissance,haïti,2017,1366
pays,pays_de_naissance,honduras,2017,59
pays,pays_de_naissance,hong_kong,2017,216
pays,pays_de_naissance,hongrie,2017,36
pays,pays_de_naissance,inde,2017,2688
pays,pays_de_naissance,indonésie,2017,44
pays,pays_de_naissance,iran,2017,1277
pays,pays_de_naissance,iraq,2017,276
pays,pays_de_naissance,irlande,2017,23
pays,pays_de_naissance,islande,2017,0
pays,pays_de_naissance,israël,2017,44
pays,pays_de_naissance,italie,2017,163
pays,pays_de_naissance,jamaïque,2017,53
pays,pays_de_naissance,japon,2017,93
pays,pays_de_naissance,"jersey,_bailliage_de",2017,0
pays,pays_de_naissance,jordanie,2017,95
pays,pays_de_naissance,kazakhstan,2017,59
pays,pays_de_naissance,kenya,2017,39
pays,pays_de_naissance,kirghizistan,2017,21
pays,pays_de_naissance,kosovo,2017,13
pays,pays_de_naissance,koweït,2017,107
pays,pays_de_naissance,laos,2017,0
pays,pays_de_naissance,lesotho,2017,0
pays,pays_de_naissance,lettonie,2017,6
pays,pays_de_naissance,liban,2017,808
pays,pays_de_naissance,libye,2017,87
pays,pays_de_naissance,libéria,2017,5
pays,pays_de_naissance,lituanie,2017,9
pays,pays_de_naissance,luxembourg,2017,7
pays,pays_de_naissance,macao,2017,0
pays,pays_de_naissance,macédoine,2017,0
pays,pays_de_naissance,madagascar,2017,186
pays,pays_de_naissance,malaisie,2017,29
pays,pays_de_naissance,malawi,2017,0
pays,pays_de_naissance,maldives,2017,0
pays,pays_de_naissance,mali,2017,218
pays,pays_de_naissance,malte,2017,0
pays,pays_de_naissance,maroc,2017,2655
pays,pays_de_naissance,martinique,2017,42
pays,pays_de_naissance,maurice,2017,511
pays,pays_de_naissance,mauritanie,2017,49
pays,pays_de_naissance,mayotte,2017,0
pays,pays_de_naissance,mexique,2017,499
pays,pays_de_naissance,micronésie,2017,0
pays,pays_de_naissance,moldova,2017,165
pays,pays_de_naissance,monaco,2017,8
pays,pays_de_naissance,mongolie,2017,18
pays,pays_de_naissance,monténégro,2017,5
pays,pays_de_naissance,mozambique,2017,6
pays,pays_de_naissance,myanmar,2017,11
pays,pays_de_naissance,namibie,2017,5
pays,pays_de_naissance,nicaragua,2017,32
pays,pays_de_naissance,niger,2017,55
pays,pays_de_naissance,nigéria,2017,261
pays,pays_de_naissance,norvège,2017,9
pays,pays_de_naissance,nouvelle-calédonie,2017,14
pays,pays_de_naissance,nouvelle-zélande,2017,11
pays,pays_de_naissance,népal,2017,99
pays,pays_de_naissance,oman,2017,6
pays,pays_de_naissance,ouganda,2017,29
pays,pays_de_naissance,ouzbékistan,2017,14
pays,pays_de_naissance,pakistan,2017,842
pays,pays_de_naissance,palestine,2017,27
pays,pays_de_naissance,panama,2017,12
pays,pays_de_naissance,papouasie-nouvelle-guinée,2017,0
pays,pays_de_naissance,paraguay,2017,0
pays,pays_de_naissance,pays-bas,2017,42
pays,pays_de_naissance,philippines,2017,1157
pays,pays_de_naissance,pologne,2017,55
pays,pays_de_naissance,polynésie_française,2017,24
pays,pays_de_naissance,porto_rico,2017,0
pays,pays_de_naissance,portugal,2017,47
pays,pays_de_naissance,pérou,2017,170
pays,pays_de_naissance,qatar,2017,45
pays,pays_de_naissance,roumanie,2017,185
pays,pays_de_naissance,royaume-uni,2017,220
pays,pays_de_naissance,russie,2017,222
pays,pays_de_naissance,rwanda,2017,274
pays,pays_de_naissance,rép._centrafricaine,2017,70
pays,pays_de_naissance,rép._dominicaine,2017,294
pays,pays_de_naissance,rép._du_soudan_du_sud,2017,0
pays,pays_de_naissance,rép._dém._du_congo,2017,976
pays,pays_de_naissance,rép._tchèque,2017,5
pays,pays_de_naissance,réunion,2017,48
pays,pays_de_naissance,sahara_occidental,2017,0
pays,pays_de_naissance,saint-kitts-et-nevis,2017,0
pays,pays_de_naissance,saint-marin,2017,0
pays,pays_de_naissance,saint-martin,2017,0
pays,pays_de_naissance,saint-pierre-et-miquelon,2017,0
pays,pays_de_naissance,saint-vincent-et-les_grenadines,2017,87
pays,pays_de_naissance,sainte-lucie,2017,15
pays,pays_de_naissance,samoa,2017,0
pays,pays_de_naissance,sao_tomé-et-principe,2017,0
pays,pays_de_naissance,serbie,2017,13
pays,pays_de_naissance,serbie-et-monténégro,2017,0
pays,pays_de_naissance,seychelles,2017,0
pays,pays_de_naissance,sierra_leone,2017,5
pays,pays_de_naissance,singapour,2017,34
pays,pays_de_naissance,slovaquie,2017,12
pays,pays_de_naissance,slovénie,2017,0
pays,pays_de_naissance,somalie,2017,13
pays,pays_de_naissance,soudan,2017,59
pays,pays_de_naissance,sri_lanka,2017,137
pays,pays_de_naissance,suisse,2017,100
pays,pays_de_naissance,suriname,2017,0
pays,pays_de_naissance,suède,2017,20
pays,pays_de_naissance,swaziland,2017,0
pays,pays_de_naissance,syrie,2017,3531
pays,pays_de_naissance,sénégal,2017,679
pays,pays_de_naissance,tadjikistan,2017,10
pays,pays_de_naissance,tanzanie,2017,127
pays,pays_de_naissance,taïwan,2017,147
pays,pays_de_naissance,tchad,2017,130
pays,pays_de_naissance,tchécoslovaquie,2017,0
pays,pays_de_naissance,thaïlande,2017,92
pays,pays_de_naissance,tibet,2017,0
pays,pays_de_naissance,timor-leste,2017,0
pays,pays_de_naissance,togo,2017,550
pays,pays_de_naissance,tonga,2017,0
pays,pays_de_naissance,trinité-et-tobago,2017,16
pays,pays_de_naissance,tunisie,2017,2198
pays,pays_de_naissance,turkménistan,2017,9
pays,pays_de_naissance,turquie,2017,291
pays,pays_de_naissance,ukraine,2017,195
pays,pays_de_naissance,union_soviétique,2017,94
pays,pays_de_naissance,uruguay,2017,7
pays,pays_de_naissance,vanuatu,2017,0
pays,pays_de_naissance,venezuela,2017,360
pays,pays_de_naissance,vietnam,2017,415
pays,pays_de_naissance,wallis-et-futuna,2017,0
pays,pays_de_naissance,yougoslavie,2017,5
pays,pays_de_naissance,yémen,2017,36
pays,pays_de_naissance,z_-_non_disponible,2017,31
pays,pays_de_naissance,zambie,2017,8
pays,pays_de_naissance,zimbabwe,2017,22
pays,pays_de_naissance,égypte,2017,650
pays,pays_de_naissance,émirats_arabes_unis,2017,364
pays,pays_de_naissance,équateur,2017,69
pays,pays_de_naissance,érythrée,2017,164
pays,pays_de_naissance,états-unis,2017,932
pays,pays_de_naissance,éthiopie,2017,48
pays,pays_de_naissance,île_de_noël,2017,0
pays,pays_de_naissance,îles_caïmanes,2017,0
pays,pays_de_naissance,îles_comores,2017,6
pays,pays_de_naissance,îles_du_pacifique,2017,0
pays,pays_de_naissance,îles_mariannes_du_nord,2017,0
pays,pays_de_naissance,îles_marshall,2017,0
pays,pays_de_naissance,îles_salomon,2017,0
pays,pays_de_naissance,îles_turques_et_caïques,2017,0
pays,pays_de_naissance,îles_vierges_américaines,2017,0
refugies,réfugiés_reconnus_sur_place,famille_sur_place_d'un_réfugié_reconnu_sur_place,2017,42
refugies,réfugiés_reconnus_sur_place,famille_à_l'étranger_d'un_réfugié_reconnu_sur_place,2017,461
refugies,réfugiés_reconnus_sur_place,réfugiés_reconnus_sur_place,2017,2192
refugies,réfugiés_sélectionnés_à_l'étranger,parrainage,2017,5379
refugies,réfugiés_sélectionnés_à_l'étranger,réfugiés_pris_en_charge_par_l'état,2017,958
regroupement_familial,regroupement_familial,regroupement_familial,2017,12935
sexe,sexe,femmes,2017,29288
sexe,sexe,hommes,2017,30217
sexe,sexe,non_disponible,2017,0
age,groupe_age,00-19_ans,2018,15135
age,groupe_age,20-24_ans,2018,3610
age,groupe_age,25-34_ans,2018,15806
age,groupe_age,35-39_ans,2018,6513
age,groupe_age,40-44_ans,2018,3948
age,groupe_age,45-49_ans,2018,2447
age,groupe_age,50-54_ans,2018,1357
age,groupe_age,non_disponible,2018,0
age,groupe_age,plus_de_55_ans,2018,3104
autres_immigrants,autres_immigrants,autres_immigrants,2018,407
immigration_economique,autres_catégories_économiques,aides_familiaux,2018,485
immigration_economique,gens_d'affaires,entrepreneurs,2018,39
immigration_economique,gens_d'affaires,investisseurs,2018,5079
immigration_economique,gens_d'affaires,travailleurs_autonomes,2018,0
immigration_economique,travailleurs_qualifiés,autres_travailleurs_qualifiés,2018,11
immigration_economique,travailleurs_qualifiés,emploi_assuré,2018,0
immigration_economique,travailleurs_qualifiés,peq_travailleurs,2018,5566
immigration_economique,travailleurs_qualifiés,peq_étudiants,2018,5146
immigration_economique,travailleurs_qualifiés,programme_pilote,2018,0
immigration_economique,travailleurs_qualifiés,prtq,2018,12526
implication,type_d'implication,personne_à_charge,2018,22925
implication,type_d'implication,requérant_principal,2018,28996
mouvement_special,victimes_du_séisme_en_haïti,haïti_-_cas_humanitaires,2018,0
pays,pays_de_naissance,afghanistan,2018,483
pays,pays_de_naissance,afrique_du_sud,2018,36
pays,pays_de_naissance,albanie,2018,73
pays,pays_de_naissance,algérie,2018,3127
pays,pays_de_naissance,allemagne,2018,128
pays,pays_de_naissance,andorre,2018,0
pays,pays_de_naissance,angola,2018,45
pays,pays_de_naissance,antigua-et-barbuda,2018,0
pays,pays_de_naissance,antilles_néerlandaises,2018,0
pays,pays_de_naissance,apatrides,2018,0
pays,pays_de_naissance,arabie_saoudite,2018,537
pays,pays_de_naissance,argentine,2018,52
pays,pays_de_naissance,arménie,2018,36
pays,pays_de_naissance,aruba,2018,0
pays,pays_de_naissance,australie,2018,73
pays,pays_de_naissance,autres_afrique,2018,0
pays,pays_de_naissance,autres_asie,2018,0
pays,pays_de_naissance,autres_océanie,2018,0
pays,pays_de_naissance,autriche,2018,7
pays,pays_de_naissance,azerbaïdjan,2018,20
pays,pays_de_naissance,bahamas,2018,10
pays,pays_de_naissance,bahreïn,2018,14
pays,pays_de_naissance,bangladesh,2018,355
pays,pays_de_naissance,barbade,2018,10
pays,pays_de_naissance,belgique,2018,240
pays,pays_de_naissance,belize,2018,0
pays,pays_de_naissance,bermudes,2018,0
pays,pays_de_naissance,bhoutan,2018,0
pays,pays_de_naissance,bolivie,2018,16
pays,pays_de_naissance,bosnie-herzégovine,2018,14
pays,pays_de_naissance,botswana,2018,5
pays,pays_de_naissance,brunéi_darussalam,2018,0
pays,pays_de_naissance,brésil,2018,780
pays,pays_de_naissance,bulgarie,2018,38
pays,pays_de_naissance,burkina_faso,2018,202
pays,pays_de_naissance,burundi,2018,532
pays,pays_de_naissance,bélarus,2018,32
pays,pays_de_naissance,bénin,2018,287
pays,pays_de_naissance,cambodge,2018,85
pays,pays_de_naissance,cameroun,2018,1842
pays,pays_de_naissance,canada,2018,23
pays,pays_de_naissance,cap-vert,2018,0
pays,pays_de_naissance,chili,2018,80
pays,pays_de_naissance,chine,2018,4958
pays,pays_de_naissance,chypre,2018,9
pays,pays_de_naissance,cit._brit.,2018,0
pays,pays_de_naissance,colombie,2018,730
pays,pays_de_naissance,congo,2018,166
pays,pays_de_naissance,corée_du_nord,2018,0
pays,pays_de_naissance,corée_du_sud,2018,329
pays,pays_de_naissance,costa_rica,2018,51
pays,pays_de_naissance,croatie,2018,27
pays,pays_de_naissance,cuba,2018,350
pays,pays_de_naissance,curaçao,2018,0
pays,pays_de_naissance,côte_d'ivoire,2018,1242
pays,pays_de_naissance,danemark,2018,8
pays,pays_de_naissance,djibouti,2018,138
pays,pays_de_naissance,dominique,2018,0
pays,pays_de_naissance,el_salvador,2018,143
pays,pays_de_naissance,erreur!,2018,0
pays,pays_de_naissance,espagne,2018,111
pays,pays_de_naissance,estonie,2018,5
pays,pays_de_naissance,falkland,2018,0
pays,pays_de_naissance,fidji,2018,0
pays,pays_de_naissance,finlande,2018,16
pays,pays_de_naissance,france,2018,5831
pays,pays_de_naissance,gabon,2018,37
pays,pays_de_naissance,gambie,2018,0
pays,pays_de_naissance,ghana,2018,62
pays,pays_de_naissance,gibraltar,2018,0
pays,pays_de_naissance,grenade,2018,7
pays,pays_de_naissance,grèce,2018,46
pays,pays_de_naissance,guadeloupe,2018,46
pays,pays_de_naissance,guatemala,2018,79
pays,pays_de_naissance,guinée,2018,254
pays,pays_de_naissance,guinée-bissau,2018,0
pays,pays_de_naissance,guinée_équatoriale,2018,0
pays,pays_de_naissance,guyana,2018,12
pays,pays_de_naissance,guyane_française,2018,0
pays,pays_de_naissance,géorgie,2018,11
pays,pays_de_naissance,haïti,2018,1822
pays,pays_de_naissance,honduras,2018,50
pays,pays_de_naissance,hong_kong,2018,182
pays,pays_de_naissance,hongrie,2018,31
pays,pays_de_naissance,inde,2018,1679
pays,pays_de_naissance,indonésie,2018,35
pays,pays_de_naissance,iran,2018,1513
pays,pays_de_naissance,iraq,2018,366
pays,pays_de_naissance,irlande,2018,17
pays,pays_de_naissance,islande,2018,6
pays,pays_de_naissance,israël,2018,81
pays,pays_de_naissance,italie,2018,156
pays,pays_de_naissance,jamaïque,2018,53
pays,pays_de_naissance,japon,2018,81
pays,pays_de_naissance,"jersey,_bailliage_de",2018,0
pays,pays_de_naissance,jordanie,2018,161
pays,pays_de_naissance,kazakhstan,2018,36
pays,pays_de_naissance,kenya,2018,23
pays,pays_de_naissance,kirghizistan,2018,28
pays,pays_de_naissance,kosovo,2018,12
pays,pays_de_naissance,koweït,2018,229
pays,pays_de_naissance,laos,2018,6
pays,pays_de_naissance,lesotho,2018,0
pays,pays_de_naissance,lettonie,2018,11
pays,pays_de_naissance,liban,2018,952
pays,pays_de_naissance,libye,2018,81
pays,pays_de_naissance,libéria,2018,6
pays,pays_de_naissance,lituanie,2018,7
pays,pays_de_naissance,luxembourg,2018,8
pays,pays_de_naissance,macao,2018,0
pays,pays_de_naissance,macédoine,2018,0
pays,pays_de_naissance,madagascar,2018,139
pays,pays_de_naissance,malaisie,2018,14
pays,pays_de_naissance,malawi,2018,16
pays,pays_de_naissance,maldives,2018,0
pays,pays_de_naissance,mali,2018,198
pays,pays_de_naissance,malte,2018,0
pays,pays_de_naissance,maroc,2018,2996
pays,pays_de_naissance,martinique,2018,34
pays,pays_de_naissance,maurice,2018,135
pays,pays_de_naissance,mauritanie,2018,64
pays,pays_de_naissance,mayotte,2018,0
pays,pays_de_naissance,mexique,2018,512
pays,pays_de_naissance,micronésie,2018,0
pays,pays_de_naissance,moldova,2018,145
pays,pays_de_naissance,monaco,2018,0
pays,pays_de_naissance,mongolie,2018,5
pays,pays_de_naissance,monténégro,2018,0
pays,pays_de_naissance,mozambique,2018,13
pays,pays_de_naissance,myanmar,2018,0
pays,pays_de_naissance,namibie,2018,14
pays,pays_de_naissance,nicaragua,2018,30
pays,pays_de_naissance,niger,2018,68
pays,pays_de_naissance,nigéria,2018,233
pays,pays_de_naissance,norvège,2018,7
pays,pays_de_naissance,nouvelle-calédonie,2018,26
pays,pays_de_naissance,nouvelle-zélande,2018,9
pays,pays_de_naissance,népal,2018,60
pays,pays_de_naissance,oman,2018,12
pays,pays_de_naissance,ouganda,2018,55
pays,pays_de_naissance,ouzbékistan,2018,24
pays,pays_de_naissance,pakistan,2018,465
pays,pays_de_naissance,palestine,2018,28
pays,pays_de_naissance,panama,2018,5
pays,pays_de_naissance,papouasie-nouvelle-guinée,2018,0
pays,pays_de_naissance,paraguay,2018,5
pays,pays_de_naissance,pays-bas,2018,44
pays,pays_de_naissance,philippines,2018,1179
pays,pays_de_naissance,pologne,2018,35
pays,pays_de_naissance,polynésie_française,2018,29
pays,pays_de_naissance,porto_rico,2018,0
pays,pays_de_naissance,portugal,2018,46
pays,pays_de_naissance,pérou,2018,171
pays,pays_de_naissance,qatar,2018,106
pays,pays_de_naissance,roumanie,2018,143
pays,pays_de_naissance,royaume-uni,2018,172
pays,pays_de_naissance,russie,2018,146
pays,pays_de_naissance,rwanda,2018,166
pays,pays_de_naissance,rép._centrafricaine,2018,161
pays,pays_de_naissance,rép._dominicaine,2018,266
pays,pays_de_naissance,rép._du_soudan_du_sud,2018,0
pays,pays_de_naissance,rép._dém._du_congo,2018,901
pays,pays_de_naissance,rép._tchèque,2018,8
pays,pays_de_naissance,réunion,2018,41
pays,pays_de_naissance,sahara_occidental,2018,0
pays,pays_de_naissance,saint-kitts-et-nevis,2018,0
pays,pays_de_naissance,saint-marin,2018,0
pays,pays_de_naissance,saint-martin,2018,0
pays,pays_de_naissance,saint-pierre-et-miquelon,2018,0
pays,pays_de_naissance,saint-vincent-et-les_grenadines,2018,48
pays,pays_de_naissance,sainte-lucie,2018,13
pays,pays_de_naissance,samoa,2018,0
pays,pays_de_naissance,sao_tomé-et-principe,2018,0
pays,pays_de_naissance,serbie,2018,26
pays,pays_de_naissance,serbie-et-monténégro,2018,0
pays,pays_de_naissance,seychelles,2018,6
pays,pays_de_naissance,sierra_leone,2018,8
pays,pays_de_naissance,singapour,2018,26
pays,pays_de_naissance,slovaquie,2018,12
pays,pays_de_naissance,slovénie,2018,0
pays,pays_de_naissance,somalie,2018,0
pays,pays_de_naissance,soudan,2018,45
pays,pays_de_naissance,sri_lanka,2018,109
pays,pays_de_naissance,suisse,2018,88
pays,pays_de_naissance,suriname,2018,0
pays,pays_de_naissance,suède,2018,15
pays,pays_de_naissance,swaziland,2018,0
pays,pays_de_naissance,syrie,2018,3601
pays,pays_de_naissance,sénégal,2018,474
pays,pays_de_naissance,tadjikistan,2018,8
pays,pays_de_naissance,tanzanie,2018,81
pays,pays_de_naissance,taïwan,2018,137
pays,pays_de_naissance,tchad,2018,85
pays,pays_de_naissance,tchécoslovaquie,2018,0
pays,pays_de_naissance,thaïlande,2018,70
pays,pays_de_naissance,tibet,2018,0
pays,pays_de_naissance,timor-leste,2018,0
pays,pays_de_naissance,togo,2018,255
pays,pays_de_naissance,tonga,2018,0
pays,pays_de_naissance,trinité-et-tobago,2018,27
pays,pays_de_naissance,tunisie,2018,2139
pays,pays_de_naissance,turkménistan,2018,0
pays,pays_de_naissance,turquie,2018,380
pays,pays_de_naissance,ukraine,2018,241
pays,pays_de_naissance,union_soviétique,2018,76
pays,pays_de_naissance,uruguay,2018,17
pays,pays_de_naissance,vanuatu,2018,0
pays,pays_de_naissance,venezuela,2018,501
pays,pays_de_naissance,vietnam,2018,413
pays,pays_de_naissance,wallis-et-futuna,2018,0
pays,pays_de_naissance,yougoslavie,2018,0
pays,pays_de_naissance,yémen,2018,80
pays,pays_de_naissance,z_-_non_disponible,2018,13
pays,pays_de_naissance,zambie,2018,5
pays,pays_de_naissance,zimbabwe,2018,20
pays,pays_de_naissance,égypte,2018,568
pays,pays_de_naissance,émirats_arabes_unis,2018,704
pays,pays_de_naissance,équateur,2018,57
pays,pays_de_naissance,érythrée,2018,148
pays,pays_de_naissance,états-unis,2018,877
pays,pays_de_naissance,éthiopie,2018,24
pays,pays_de_naissance,île_de_noël,2018,0
pays,pays_de_naissance,îles_caïmanes,2018,0
pays,pays_de_naissance,îles_comores,2018,7
pays,pays_de_naissance,îles_du_pacifique,2018,0
pays,pays_de_naissance,îles_mariannes_du_nord,2018,0
pays,pays_de_naissance,îles_marshall,2018,0
pays,pays_de_naissance,îles_salomon,2018,7
pays,pays_de_naissance,îles_turques_et_caïques,2018,0
pays,pays_de_naissance,îles_vierges_américaines,2018,0
refugies,réfugiés_reconnus_sur_place,famille_sur_place_d'un_réfugié_reconnu_sur_place,2018,47
refugies,réfugiés_reconnus_sur_place,famille_à_l'étranger_d'un_réfugié_reconnu_sur_place,2018,627
refugies,réfugiés_reconnus_sur_place,réfugiés_reconnus_sur_place,2018,2461
refugies,réfugiés_sélectionnés_à_l'étranger,parrainage,2018,4972
refugies,réfugiés_sélectionnés_à_l'étranger,réfugiés_pris_en_charge_par_l'état,2018,1633
regroupement_familial,regroupement_familial,regroupement_familial,2018,12915
sexe,sexe,femmes,2018,25946
sexe,sexe,hommes,2018,25973
sexe,sexe,non_disponible,2018,0
age,groupe_age,00-19_ans,2019,11075
age,groupe_age,20-24_ans,2019,3412
age,groupe_age,25-34_ans,2019,14258
age,groupe_age,35-39_ans,2019,4834
age,groupe_age,40-44_ans,2019,3077
age,groupe_age,45-49_ans,2019,2083
age,groupe_age,50-54_ans,2019,1158
age,groupe_age,non_disponible,2019,0
age,groupe_age,plus_de_55_ans,2019,3558
autres_immigrants,autres_immigrants,autres_immigrants,2019,751
immigration_economique,autres_catégories_économiques,aides_familiaux,2019,269
immigration_economique,gens_d'affaires,entrepreneurs,2019,8
immigration_economique,gens_d'affaires,investisseurs,2019,2647
immigration_economique,gens_d'affaires,travailleurs_autonomes,2019,14
immigration_economique,travailleurs_qualifiés,autres_travailleurs_qualifiés,2019,0
immigration_economique,travailleurs_qualifiés,emploi_assuré,2019,0
immigration_economique,travailleurs_qualifiés,peq_travailleurs,2019,9881
immigration_economique,travailleurs_qualifiés,peq_étudiants,2019,4867
immigration_economique,travailleurs_qualifiés,programme_pilote,2019,0
immigration_economique,travailleurs_qualifiés,prtq,2019,2442
implication,type_d'implication,personne_à_charge,2019,17258
implication,type_d'implication,requérant_principal,2019,26197
mouvement_special,victimes_du_séisme_en_haïti,haïti_-_cas_humanitaires,2019,0
pays,pays_de_naissance,afghanistan,2019,621
pays,pays_de_naissance,afrique_du_sud,2019,63
pays,pays_de_naissance,albanie,2019,35
pays,pays_de_naissance,algérie,2019,1702
pays,pays_de_naissance,allemagne,2019,101
pays,pays_de_naissance,andorre,2019,0
pays,pays_de_naissance,angola,2019,91
pays,pays_de_naissance,antigua-et-barbuda,2019,0
pays,pays_de_naissance,antilles_néerlandaises,2019,0
pays,pays_de_naissance,apatrides,2019,0
pays,pays_de_naissance,arabie_saoudite,2019,550
pays,pays_de_naissance,argentine,2019,43
pays,pays_de_naissance,arménie,2019,12
pays,pays_de_naissance,aruba,2019,0
pays,pays_de_naissance,australie,2019,54
pays,pays_de_naissance,autres_afrique,2019,0
pays,pays_de_naissance,autres_asie,2019,0
pays,pays_de_naissance,autres_océanie,2019,0
pays,pays_de_naissance,autriche,2019,11
pays,pays_de_naissance,azerbaïdjan,2019,16
pays,pays_de_naissance,bahamas,2019,6
pays,pays_de_naissance,bahreïn,2019,10
pays,pays_de_naissance,bangladesh,2019,237
pays,pays_de_naissance,barbade,2019,0
pays,pays_de_naissance,belgique,2019,215
pays,pays_de_naissance,belize,2019,0
pays,pays_de_naissance,bermudes,2019,0
pays,pays_de_naissance,bhoutan,2019,0
pays,pays_de_naissance,bolivie,2019,9
pays,pays_de_naissance,bosnie-herzégovine,2019,10
pays,pays_de_naissance,botswana,2019,0
pays,pays_de_naissance,brunéi_darussalam,2019,0
pays,pays_de_naissance,brésil,2019,984
pays,pays_de_naissance,bulgarie,2019,28
pays,pays_de_naissance,burkina_faso,2019,142
pays,pays_de_naissance,burundi,2019,616
pays,pays_de_naissance,bélarus,2019,26
pays,pays_de_naissance,bénin,2019,259
pays,pays_de_naissance,cambodge,2019,58
pays,pays_de_naissance,cameroun,2019,1385
pays,pays_de_naissance,canada,2019,17
pays,pays_de_naissance,cap-vert,2019,0
pays,pays_de_naissance,chili,2019,80
pays,pays_de_naissance,chine,2019,3205
pays,pays_de_naissance,chypre,2019,0
pays,pays_de_naissance,cit._brit.,2019,0
pays,pays_de_naissance,colombie,2019,736
pays,pays_de_naissance,congo,2019,155
pays,pays_de_naissance,corée_du_nord,2019,0
pays,pays_de_naissance,corée_du_sud,2019,249
pays,pays_de_naissance,costa_rica,2019,38
pays,pays_de_naissance,croatie,2019,5
pays,pays_de_naissance,cuba,2019,214
pays,pays_de_naissance,curaçao,2019,0
pays,pays_de_naissance,côte_d'ivoire,2019,734
pays,pays_de_naissance,danemark,2019,8
pays,pays_de_naissance,djibouti,2019,104
pays,pays_de_naissance,dominique,2019,0
pays,pays_de_naissance,el_salvador,2019,197
pays,pays_de_naissance,erreur!,2019,0
pays,pays_de_naissance,espagne,2019,97
pays,pays_de_naissance,estonie,2019,0
pays,pays_de_naissance,falkland,2019,0
pays,pays_de_naissance,fidji,2019,0
pays,pays_de_naissance,finlande,2019,10
pays,pays_de_naissance,france,2019,7427
pays,pays_de_naissance,gabon,2019,50
pays,pays_de_naissance,gambie,2019,0
pays,pays_de_naissance,ghana,2019,42
pays,pays_de_naissance,gibraltar,2019,0
pays,pays_de_naissance,grenade,2019,7
pays,pays_de_naissance,grèce,2019,45
pays,pays_de_naissance,guadeloupe,2019,51
pays,pays_de_naissance,guatemala,2019,87
pays,pays_de_naissance,guinée,2019,281
pays,pays_de_naissance,guinée-bissau,2019,0
pays,pays_de_naissance,guinée_équatoriale,2019,0
pays,pays_de_naissance,guyana,2019,5
pays,pays_de_naissance,guyane_française,2019,9
pays,pays_de_naissance,géorgie,2019,7
pays,pays_de_naissance,haïti,2019,2507
pays,pays_de_naissance,honduras,2019,73
pays,pays_de_naissance,hong_kong,2019,125
pays,pays_de_naissance,hongrie,2019,17
pays,pays_de_naissance,inde,2019,1081
pays,pays_de_naissance,indonésie,2019,37
pays,pays_de_naissance,iran,2019,977
pays,pays_de_naissance,iraq,2019,230
pays,pays_de_naissance,irlande,2019,13
pays,pays_de_naissance,islande,2019,0
pays,pays_de_naissance,israël,2019,44
pays,pays_de_naissance,italie,2019,130
pays,pays_de_naissance,jamaïque,2019,52
pays,pays_de_naissance,japon,2019,55
pays,pays_de_naissance,"jersey,_bailliage_de",2019,0
pays,pays_de_naissance,jordanie,2019,106
pays,pays_de_naissance,kazakhstan,2019,25
pays,pays_de_naissance,kenya,2019,20
pays,pays_de_naissance,kirghizistan,2019,7
pays,pays_de_naissance,kosovo,2019,12
pays,pays_de_naissance,koweït,2019,91
pays,pays_de_naissance,laos,2019,5
pays,pays_de_naissance,lesotho,2019,0
pays,pays_de_naissance,lettonie,2019,0
pays,pays_de_naissance,liban,2019,565
pays,pays_de_naissance,libye,2019,121
pays,pays_de_naissance,libéria,2019,0
pays,pays_de_naissance,lituanie,2019,10
pays,pays_de_naissance,luxembourg,2019,0
pays,pays_de_naissance,macao,2019,0
pays,pays_de_naissance,macédoine,2019,0
pays,pays_de_naissance,madagascar,2019,159
pays,pays_de_naissance,malaisie,2019,21
pays,pays_de_naissance,malawi,2019,23
pays,pays_de_naissance,maldives,2019,0
pays,pays_de_naissance,mali,2019,153
pays,pays_de_naissance,malte,2019,0
pays,pays_de_naissance,maroc,2019,1588
pays,pays_de_naissance,martinique,2019,49
pays,pays_de_naissance,maurice,2019,246
pays,pays_de_naissance,mauritanie,2019,44
pays,pays_de_naissance,mayotte,2019,0
pays,pays_de_naissance,mexique,2019,714
pays,pays_de_naissance,micronésie,2019,0
pays,pays_de_naissance,moldova,2019,93
pays,pays_de_naissance,monaco,2019,17
pays,pays_de_naissance,mongolie,2019,8
pays,pays_de_naissance,monténégro,2019,0
pays,pays_de_naissance,mozambique,2019,6
pays,pays_de_naissance,myanmar,2019,0
pays,pays_de_naissance,namibie,2019,0
pays,pays_de_naissance,nicaragua,2019,35
pays,pays_de_naissance,niger,2019,51
pays,pays_de_naissance,nigéria,2019,406
pays,pays_de_naissance,norvège,2019,6
pays,pays_de_naissance,nouvelle-calédonie,2019,27
pays,pays_de_naissance,nouvelle-zélande,2019,10
pays,pays_de_naissance,népal,2019,31
pays,pays_de_naissance,oman,2019,8
pays,pays_de_naissance,ouganda,2019,66
pays,pays_de_naissance,ouzbékistan,2019,16
pays,pays_de_naissance,pakistan,2019,448
pays,pays_de_naissance,palestine,2019,30
pays,pays_de_naissance,panama,2019,16
pays,pays_de_naissance,papouasie-nouvelle-guinée,2019,0
pays,pays_de_naissance,paraguay,2019,0
pays,pays_de_naissance,pays-bas,2019,24
pays,pays_de_naissance,philippines,2019,1022
pays,pays_de_naissance,pologne,2019,43
pays,pays_de_naissance,polynésie_française,2019,25
pays,pays_de_naissance,porto_rico,2019,0
pays,pays_de_naissance,portugal,2019,53
pays,pays_de_naissance,pérou,2019,164
pays,pays_de_naissance,qatar,2019,101
pays,pays_de_naissance,roumanie,2019,129
pays,pays_de_naissance,royaume-uni,2019,160
pays,pays_de_naissance,russie,2019,114
pays,pays_de_naissance,rwanda,2019,252
pays,pays_de_naissance,rép._centrafricaine,2019,286
pays,pays_de_naissance,rép._dominicaine,2019,182
pays,pays_de_naissance,rép._du_soudan_du_sud,2019,0
pays,pays_de_naissance,rép._dém._du_congo,2019,1017
pays,pays_de_naissance,rép._tchèque,2019,6
pays,pays_de_naissance,réunion,2019,61
pays,pays_de_naissance,sahara_occidental,2019,0
pays,pays_de_naissance,saint-kitts-et-nevis,2019,0
pays,pays_de_naissance,saint-marin,2019,0
pays,pays_de_naissance,saint-martin,2019,0
pays,pays_de_naissance,saint-pierre-et-miquelon,2019,0
pays,pays_de_naissance,saint-vincent-et-les_grenadines,2019,27
pays,pays_de_naissance,sainte-lucie,2019,7
pays,pays_de_naissance,samoa,2019,0
pays,pays_de_naissance,sao_tomé-et-principe,2019,0
pays,pays_de_naissance,serbie,2019,10
pays,pays_de_naissance,serbie-et-monténégro,2019,0
pays,pays_de_naissance,seychelles,2019,0
pays,pays_de_naissance,sierra_leone,2019,6
pays,pays_de_naissance,singapour,2019,17
pays,pays_de_naissance,slovaquie,2019,0
pays,pays_de_naissance,slovénie,2019,0
pays,pays_de_naissance,somalie,2019,9
pays,pays_de_naissance,soudan,2019,60
pays,pays_de_naissance,sri_lanka,2019,89
pays,pays_de_naissance,suisse,2019,88
pays,pays_de_naissance,suriname,2019,0
pays,pays_de_naissance,suède,2019,7
pays,pays_de_naissance,swaziland,2019,0
pays,pays_de_naissance,syrie,2019,2108
pays,pays_de_naissance,sénégal,2019,393
pays,pays_de_naissance,tadjikistan,2019,7
pays,pays_de_naissance,tanzanie,2019,77
pays,pays_de_naissance,taïwan,2019,91
pays,pays_de_naissance,tchad,2019,177
pays,pays_de_naissance,tchécoslovaquie,2019,0
pays,pays_de_naissance,thaïlande,2019,65
pays,pays_de_naissance,tibet,2019,0
pays,pays_de_naissance,timor-leste,2019,0
pays,pays_de_naissance,togo,2019,169
pays,pays_de_naissance,tonga,2019,0
pays,pays_de_naissance,trinité-et-tobago,2019,9
pays,pays_de_naissance,tunisie,2019,1236
pays,pays_de_naissance,turkménistan,2019,0
pays,pays_de_naissance,turquie,2019,301
pays,pays_de_naissance,ukraine,2019,107
pays,pays_de_naissance,union_soviétique,2019,64
pays,pays_de_naissance,uruguay,2019,12
pays,pays_de_naissance,vanuatu,2019,0
pays,pays_de_naissance,venezuela,2019,686
pays,pays_de_naissance,vietnam,2019,392
pays,pays_de_naissance,wallis-et-futuna,2019,0
pays,pays_de_naissance,yougoslavie,2019,0
pays,pays_de_naissance,yémen,2019,120
pays,pays_de_naissance,z_-_non_disponible,2019,6
pays,pays_de_naissance,zambie,2019,9
pays,pays_de_naissance,zimbabwe,2019,17
pays,pays_de_naissance,égypte,2019,532
pays,pays_de_naissance,émirats_arabes_unis,2019,262
pays,pays_de_naissance,équateur,2019,27
pays,pays_de_naissance,érythrée,2019,135
pays,pays_de_naissance,états-unis,2019,664
pays,pays_de_naissance,éthiopie,2019,26
pays,pays_de_naissance,île_de_noël,2019,0
pays,pays_de_naissance,îles_caïmanes,2019,0
pays,pays_de_naissance,îles_comores,2019,9
pays,pays_de_naissance,îles_du_pacifique,2019,0
pays,pays_de_naissance,îles_mariannes_du_nord,2019,0
pays,pays_de_naissance,îles_marshall,2019,0
pays,pays_de_naissance,îles_salomon,2019,0
pays,pays_de_naissance,îles_turques_et_caïques,2019,0
pays,pays_de_naissance,îles_vierges_américaines,2019,0
refugies,réfugiés_reconnus_sur_place,famille_sur_place_d'un_réfugié_reconnu_sur_place,2019,90
refugies,réfugiés_reconnus_sur_place,famille_à_l'étranger_d'un_réfugié_reconnu_sur_place,2019,889
refugies,réfugiés_reconnus_sur_place,réfugiés_reconnus_sur_place,2019,5448
refugies,réfugiés_sélectionnés_à_l'étranger,parrainage,2019,3100
refugies,réfugiés_sélectionnés_à_l'étranger,réfugiés_pris_en_charge_par_l'état,2019,1698
regroupement_familial,regroupement_familial,regroupement_familial,2019,11351
sexe,sexe,femmes,2019,22129
sexe,sexe,hommes,2019,21325
sexe,sexe,non_disponible,2019,0
age,groupe_age,00-19_ans,2020,10094
age,groupe_age,20-24_ans,2020,4177
age,groupe_age,25-34_ans,2020,15801
age,groupe_age,35-39_ans,2020,5273
age,groupe_age,40-44_ans,2020,3171
age,groupe_age,45-49_ans,2020,1903
age,groupe_age,50-54_ans,2020,1128
age,groupe_age,non_disponible,2020,0
age,groupe_age,plus_de_55_ans,2020,3146
autres_immigrants,autres_immigrants,autres_immigrants,2020,628
immigration_economique,autres_catégories_économiques,aides_familiaux,2020,93
immigration_economique,gens_d'affaires,entrepreneurs,2020,66
immigration_economique,gens_d'affaires,investisseurs,2020,1797
immigration_economique,gens_d'affaires,travailleurs_autonomes,2020,224
immigration_economique,travailleurs_qualifiés,autres_travailleurs_qualifiés,2020,0
immigration_economique,travailleurs_qualifiés,emploi_assuré,2020,0
immigration_economique,travailleurs_qualifiés,peq_travailleurs,2020,8404
immigration_economique,travailleurs_qualifiés,peq_étudiants,2020,8088
immigration_economique,travailleurs_qualifiés,programme_pilote,2020,0
immigration_economique,travailleurs_qualifiés,prtq,2020,4472
implication,type_d'implication,personne_à_charge,2020,16245
implication,type_d'implication,requérant_principal,2020,28448
mouvement_special,victimes_du_séisme_en_haïti,haïti_-_cas_humanitaires,2020,0
pays,pays_de_naissance,afghanistan,2020,564
pays,pays_de_naissance,afrique_du_sud,2020,59
pays,pays_de_naissance,albanie,2020,59
pays,pays_de_naissance,algérie,2020,2293
pays,pays_de_naissance,allemagne,2020,111
pays,pays_de_naissance,andorre,2020,0
pays,pays_de_naissance,angola,2020,76
pays,pays_de_naissance,antigua-et-barbuda,2020,0
pays,pays_de_naissance,antilles_néerlandaises,2020,0
pays,pays_de_naissance,apatrides,2020,0
pays,pays_de_naissance,arabie_saoudite,2020,327
pays,pays_de_naissance,argentine,2020,90
pays,pays_de_naissance,arménie,2020,25
pays,pays_de_naissance,aruba,2020,0
pays,pays_de_naissance,australie,2020,65
pays,pays_de_naissance,autres_afrique,2020,0
pays,pays_de_naissance,autres_asie,2020,0
pays,pays_de_naissance,autres_océanie,2020,0
pays,pays_de_naissance,autriche,2020,12
pays,pays_de_naissance,azerbaïdjan,2020,19
pays,pays_de_naissance,bahamas,2020,12
pays,pays_de_naissance,bahreïn,2020,0
pays,pays_de_naissance,bangladesh,2020,295
pays,pays_de_naissance,barbade,2020,6
pays,pays_de_naissance,belgique,2020,274
pays,pays_de_naissance,belize,2020,0
pays,pays_de_naissance,bermudes,2020,0
pays,pays_de_naissance,bhoutan,2020,0
pays,pays_de_naissance,bolivie,2020,17
pays,pays_de_naissance,bosnie-herzégovine,2020,14
pays,pays_de_naissance,botswana,2020,0
pays,pays_de_naissance,brunéi_darussalam,2020,0
pays,pays_de_naissance,brésil,2020,1262
pays,pays_de_naissance,bulgarie,2020,27
pays,pays_de_naissance,burkina_faso,2020,203
pays,pays_de_naissance,burundi,2020,568
pays,pays_de_naissance,bélarus,2020,28
pays,pays_de_naissance,bénin,2020,325
pays,pays_de_naissance,cambodge,2020,37
pays,pays_de_naissance,cameroun,2020,1362
pays,pays_de_naissance,canada,2020,25
pays,pays_de_naissance,cap-vert,2020,5
pays,pays_de_naissance,chili,2020,83
pays,pays_de_naissance,chine,2020,3841
pays,pays_de_naissance,chypre,2020,0
pays,pays_de_naissance,cit._brit.,2020,0
pays,pays_de_naissance,colombie,2020,935
pays,pays_de_naissance,congo,2020,176
pays,pays_de_naissance,corée_du_nord,2020,0
pays,pays_de_naissance,corée_du_sud,2020,511
pays,pays_de_naissance,costa_rica,2020,34
pays,pays_de_naissance,croatie,2020,0
pays,pays_de_naissance,cuba,2020,394
pays,pays_de_naissance,curaçao,2020,0
pays,pays_de_naissance,côte_d'ivoire,2020,910
pays,pays_de_naissance,danemark,2020,14
pays,pays_de_naissance,djibouti,2020,97
pays,pays_de_naissance,dominique,2020,0
pays,pays_de_naissance,el_salvador,2020,120
pays,pays_de_naissance,erreur!,2020,0
pays,pays_de_naissance,espagne,2020,84
pays,pays_de_naissance,estonie,2020,0
pays,pays_de_naissance,falkland,2020,0
pays,pays_de_naissance,fidji,2020,0
pays,pays_de_naissance,finlande,2020,7
pays,pays_de_naissance,france,2020,6923
pays,pays_de_naissance,gabon,2020,53
pays,pays_de_naissance,gambie,2020,6
pays,pays_de_naissance,ghana,2020,55
pays,pays_de_naissance,gibraltar,2020,0
pays,pays_de_naissance,grenade,2020,8
pays,pays_de_naissance,grèce,2020,63
pays,pays_de_naissance,guadeloupe,2020,48
pays,pays_de_naissance,guatemala,2020,94
pays,pays_de_naissance,guinée,2020,292
pays,pays_de_naissance,guinée-bissau,2020,0
pays,pays_de_naissance,guinée_équatoriale,2020,0
pays,pays_de_naissance,guyana,2020,8
pays,pays_de_naissance,guyane_française,2020,8
pays,pays_de_naissance,géorgie,2020,6
pays,pays_de_naissance,haïti,2020,2187
pays,pays_de_naissance,honduras,2020,66
pays,pays_de_naissance,hong_kong,2020,65
pays,pays_de_naissance,hongrie,2020,31
pays,pays_de_naissance,inde,2020,1608
pays,pays_de_naissance,indonésie,2020,41
pays,pays_de_naissance,iran,2020,1056
pays,pays_de_naissance,iraq,2020,87
pays,pays_de_naissance,irlande,2020,26
pays,pays_de_naissance,islande,2020,0
pays,pays_de_naissance,israël,2020,52
pays,pays_de_naissance,italie,2020,108
pays,pays_de_naissance,jamaïque,2020,39
pays,pays_de_naissance,japon,2020,84
pays,pays_de_naissance,"jersey,_bailliage_de",2020,0
pays,pays_de_naissance,jordanie,2020,73
pays,pays_de_naissance,kazakhstan,2020,19
pays,pays_de_naissance,kenya,2020,27
pays,pays_de_naissance,kirghizistan,2020,19
pays,pays_de_naissance,kosovo,2020,13
pays,pays_de_naissance,koweït,2020,68
pays,pays_de_naissance,laos,2020,0
pays,pays_de_naissance,lesotho,2020,0
pays,pays_de_naissance,lettonie,2020,0
pays,pays_de_naissance,liban,2020,576
pays,pays_de_naissance,libye,2020,102
pays,pays_de_naissance,libéria,2020,0
pays,pays_de_naissance,lituanie,2020,0
pays,pays_de_naissance,luxembourg,2020,9
pays,pays_de_naissance,macao,2020,6
pays,pays_de_naissance,macédoine,2020,0
pays,pays_de_naissance,madagascar,2020,165
pays,pays_de_naissance,malaisie,2020,13
pays,pays_de_naissance,malawi,2020,0
pays,pays_de_naissance,maldives,2020,0
pays,pays_de_naissance,mali,2020,152
pays,pays_de_naissance,malte,2020,0
pays,pays_de_naissance,maroc,2020,2036
pays,pays_de_naissance,martinique,2020,51
pays,pays_de_naissance,maurice,2020,237
pays,pays_de_naissance,mauritanie,2020,74
pays,pays_de_naissance,mayotte,2020,0
pays,pays_de_naissance,mexique,2020,945
pays,pays_de_naissance,micronésie,2020,0
pays,pays_de_naissance,moldova,2020,122
pays,pays_de_naissance,monaco,2020,6
pays,pays_de_naissance,mongolie,2020,12
pays,pays_de_naissance,monténégro,2020,0
pays,pays_de_naissance,mozambique,2020,0
pays,pays_de_naissance,myanmar,2020,5
pays,pays_de_naissance,namibie,2020,0
pays,pays_de_naissance,nicaragua,2020,40
pays,pays_de_naissance,niger,2020,59
pays,pays_de_naissance,nigéria,2020,377
pays,pays_de_naissance,norvège,2020,0
pays,pays_de_naissance,nouvelle-calédonie,2020,32
pays,pays_de_naissance,nouvelle-zélande,2020,24
pays,pays_de_naissance,népal,2020,40
pays,pays_de_naissance,oman,2020,12
pays,pays_de_naissance,ouganda,2020,45
pays,pays_de_naissance,ouzbékistan,2020,11
pays,pays_de_naissance,pakistan,2020,531
pays,pays_de_naissance,palestine,2020,34
pays,pays_de_naissance,panama,2020,12
pays,pays_de_naissance,papouasie-nouvelle-guinée,2020,0
pays,pays_de_naissance,paraguay,2020,0
pays,pays_de_naissance,pays-bas,2020,28
pays,pays_de_naissance,philippines,2020,765
pays,pays_de_naissance,pologne,2020,44
pays,pays_de_naissance,polynésie_française,2020,35
pays,pays_de_naissance,porto_rico,2020,0
pays,pays_de_naissance,portugal,2020,39
pays,pays_de_naissance,pérou,2020,238
pays,pays_de_naissance,qatar,2020,38
pays,pays_de_naissance,roumanie,2020,134
pays,pays_de_naissance,royaume-uni,2020,199
pays,pays_de_naissance,russie,2020,112
pays,pays_de_naissance,rwanda,2020,258
pays,pays_de_naissance,rép._centrafricaine,2020,211
pays,pays_de_naissance,rép._dominicaine,2020,322
pays,pays_de_naissance,rép._du_soudan_du_sud,2020,11
pays,pays_de_naissance,rép._dém._du_congo,2020,814
pays,pays_de_naissance,rép._tchèque,2020,10
pays,pays_de_naissance,réunion,2020,66
pays,pays_de_naissance,sahara_occidental,2020,0
pays,pays_de_naissance,saint-kitts-et-nevis,2020,0
pays,pays_de_naissance,saint-marin,2020,0
pays,pays_de_naissance,saint-martin,2020,0
pays,pays_de_naissance,saint-pierre-et-miquelon,2020,0
pays,pays_de_naissance,saint-vincent-et-les_grenadines,2020,39
pays,pays_de_naissance,sainte-lucie,2020,11
pays,pays_de_naissance,samoa,2020,0
pays,pays_de_naissance,sao_tomé-et-principe,2020,0
pays,pays_de_naissance,serbie,2020,9
pays,pays_de_naissance,serbie-et-monténégro,2020,0
pays,pays_de_naissance,seychelles,2020,0
pays,pays_de_naissance,sierra_leone,2020,7
pays,pays_de_naissance,singapour,2020,20
pays,pays_de_naissance,slovaquie,2020,10
pays,pays_de_naissance,slovénie,2020,0
pays,pays_de_naissance,somalie,2020,11
pays,pays_de_naissance,soudan,2020,62
pays,pays_de_naissance,sri_lanka,2020,120
pays,pays_de_naissance,suisse,2020,98
pays,pays_de_naissance,suriname,2020,0
pays,pays_de_naissance,suède,2020,12
pays,pays_de_naissance,swaziland,2020,0
pays,pays_de_naissance,syrie,2020,758
pays,pays_de_naissance,sénégal,2020,465
pays,pays_de_naissance,tadjikistan,2020,8
pays,pays_de_naissance,tanzanie,2020,46
pays,pays_de_naissance,taïwan,2020,80
pays,pays_de_naissance,tchad,2020,176
pays,pays_de_naissance,tchécoslovaquie,2020,0
pays,pays_de_naissance,thaïlande,2020,58
pays,pays_de_naissance,tibet,2020,0
pays,pays_de_naissance,timor-leste,2020,0
pays,pays_de_naissance,togo,2020,240
pays,pays_de_naissance,tonga,2020,0
pays,pays_de_naissance,trinité-et-tobago,2020,10
pays,pays_de_naissance,tunisie,2020,1513
pays,pays_de_naissance,turkménistan,2020,0
pays,pays_de_naissance,turquie,2020,211
pays,pays_de_naissance,ukraine,2020,141
pays,pays_de_naissance,union_soviétique,2020,84
pays,pays_de_naissance,uruguay,2020,15
pays,pays_de_naissance,vanuatu,2020,0
pays,pays_de_naissance,venezuela,2020,633
pays,pays_de_naissance,vietnam,2020,490
pays,pays_de_naissance,wallis-et-futuna,2020,0
pays,pays_de_naissance,yougoslavie,2020,0
pays,pays_de_naissance,yémen,2020,73
pays,pays_de_naissance,z_-_non_disponible,2020,0
pays,pays_de_naissance,zambie,2020,5
pays,pays_de_naissance,zimbabwe,2020,18
pays,pays_de_naissance,égypte,2020,355
pays,pays_de_naissance,émirats_arabes_unis,2020,103
pays,pays_de_naissance,équateur,2020,57
pays,pays_de_naissance,érythrée,2020,67
pays,pays_de_naissance,états-unis,2020,896
pays,pays_de_naissance,éthiopie,2020,22
pays,pays_de_naissance,île_de_noël,2020,0
pays,pays_de_naissance,îles_caïmanes,2020,0
pays,pays_de_naissance,îles_comores,2020,14
pays,pays_de_naissance,îles_du_pacifique,2020,0
pays,pays_de_naissance,îles_mariannes_du_nord,2020,0
pays,pays_de_naissance,îles_marshall,2020,0
pays,pays_de_naissance,îles_salomon,2020,0
pays,pays_de_naissance,îles_turques_et_caïques,2020,0
pays,pays_de_naissance,îles_vierges_américaines,2020,0
refugies,réfugiés_reconnus_sur_place,famille_sur_place_d'un_réfugié_reconnu_sur_place,2020,160
refugies,réfugiés_reconnus_sur_place,famille_à_l'étranger_d'un_réfugié_reconnu_sur_place,2020,952
refugies,réfugiés_reconnus_sur_place,réfugiés_reconnus_sur_place,2020,4043
refugies,réfugiés_sélectionnés_à_l'étranger,parrainage,2020,1005
refugies,réfugiés_sélectionnés_à_l'étranger,réfugiés_pris_en_charge_par_l'état,2020,912
regroupement_familial,regroupement_familial,regroupement_familial,2020,13849
sexe,sexe,femmes,2020,22431
sexe,sexe,hommes,2020,22262
sexe,sexe,non_disponible,2020,0
age,groupe_age,00-19_ans,2021,15102
age,groupe_age,20-24_ans,2021,4508
age,groupe_age,25-34_ans,2021,20159
age,groupe_age,35-39_ans,2021,7831
age,groupe_age,40-44_ans,2021,4952
age,groupe_age,45-49_ans,2021,3014
age,groupe_age,50-54_ans,2021,1576
age,groupe_age,non_disponible,2021,0
age,groupe_age,plus_de_55_ans,2021,2640
autres_immigrants,autres_immigrants,autres_immigrants,2021,4796
immigration_economique,autres_catégories_économiques,aides_familiaux,2021,30
immigration_economique,gens_d'affaires,entrepreneurs,2021,146
immigration_economique,gens_d'affaires,investisseurs,2021,1382
immigration_economique,gens_d'affaires,travailleurs_autonomes,2021,155
immigration_economique,travailleurs_qualifiés,autres_travailleurs_qualifiés,2021,0
immigration_economique,travailleurs_qualifiés,emploi_assuré,2021,0
immigration_economique,travailleurs_qualifiés,peq_travailleurs,2021,16323
immigration_economique,travailleurs_qualifiés,peq_étudiants,2021,8068
immigration_economique,travailleurs_qualifiés,programme_pilote,2021,311
immigration_economique,travailleurs_qualifiés,prtq,2021,5576
implication,type_d'implication,personne_à_charge,2021,23916
implication,type_d'implication,requérant_principal,2021,35867
mouvement_special,victimes_du_séisme_en_haïti,haïti_-_cas_humanitaires,2021,0
pays,pays_de_naissance,afghanistan,2021,372
pays,pays_de_naissance,afrique_du_sud,2021,104
pays,pays_de_naissance,albanie,2021,50
pays,pays_de_naissance,algérie,2021,2582
pays,pays_de_naissance,allemagne,2021,165
pays,pays_de_naissance,andorre,2021,0
pays,pays_de_naissance,angola,2021,237
pays,pays_de_naissance,antigua-et-barbuda,2021,0
pays,pays_de_naissance,antilles_néerlandaises,2021,0
pays,pays_de_naissance,apatrides,2021,0
pays,pays_de_naissance,arabie_saoudite,2021,302
pays,pays_de_naissance,argentine,2021,93
pays,pays_de_naissance,arménie,2021,30
pays,pays_de_naissance,aruba,2021,0
pays,pays_de_naissance,australie,2021,86
pays,pays_de_naissance,autres_afrique,2021,0
pays,pays_de_naissance,autres_asie,2021,0
pays,pays_de_naissance,autres_océanie,2021,0
pays,pays_de_naissance,autriche,2021,18
pays,pays_de_naissance,azerbaïdjan,2021,17
pays,pays_de_naissance,bahamas,2021,32
pays,pays_de_naissance,bahreïn,2021,13
pays,pays_de_naissance,bangladesh,2021,355
pays,pays_de_naissance,barbade,2021,9
pays,pays_de_naissance,belgique,2021,324
pays,pays_de_naissance,belize,2021,0
pays,pays_de_naissance,bermudes,2021,0
pays,pays_de_naissance,bhoutan,2021,0
pays,pays_de_naissance,bolivie,2021,28
pays,pays_de_naissance,bosnie-herzégovine,2021,0
pays,pays_de_naissance,botswana,2021,0
pays,pays_de_naissance,brunéi_darussalam,2021,0
pays,pays_de_naissance,brésil,2021,1919
pays,pays_de_naissance,bulgarie,2021,33
pays,pays_de_naissance,burkina_faso,2021,270
pays,pays_de_naissance,burundi,2021,443
pays,pays_de_naissance,bélarus,2021,29
pays,pays_de_naissance,bénin,2021,332
pays,pays_de_naissance,cambodge,2021,61
pays,pays_de_naissance,cameroun,2021,2431
pays,pays_de_naissance,canada,2021,19
pays,pays_de_naissance,cap-vert,2021,0
pays,pays_de_naissance,chili,2021,198
pays,pays_de_naissance,chine,2021,3204
pays,pays_de_naissance,chypre,2021,0
pays,pays_de_naissance,cit._brit.,2021,6
pays,pays_de_naissance,colombie,2021,1894
pays,pays_de_naissance,congo,2021,218
pays,pays_de_naissance,corée_du_nord,2021,0
pays,pays_de_naissance,corée_du_sud,2021,345
pays,pays_de_naissance,costa_rica,2021,82
pays,pays_de_naissance,croatie,2021,9
pays,pays_de_naissance,cuba,2021,335
pays,pays_de_naissance,curaçao,2021,0
pays,pays_de_naissance,côte_d'ivoire,2021,1344
pays,pays_de_naissance,danemark,2021,8
pays,pays_de_naissance,djibouti,2021,93
pays,pays_de_naissance,dominique,2021,0
pays,pays_de_naissance,el_salvador,2021,181
pays,pays_de_naissance,erreur!,2021,0
pays,pays_de_naissance,espagne,2021,149
pays,pays_de_naissance,estonie,2021,0
pays,pays_de_naissance,falkland,2021,0
pays,pays_de_naissance,fidji,2021,0
pays,pays_de_naissance,finlande,2021,6
pays,pays_de_naissance,france,2021,10920
pays,pays_de_naissance,gabon,2021,69
pays,pays_de_naissance,gambie,2021,20
pays,pays_de_naissance,ghana,2021,86
pays,pays_de_naissance,gibraltar,2021,0
pays,pays_de_naissance,grenade,2021,6
pays,pays_de_naissance,grèce,2021,43
pays,pays_de_naissance,guadeloupe,2021,59
pays,pays_de_naissance,guatemala,2021,103
pays,pays_de_naissance,guinée,2021,401
pays,pays_de_naissance,guinée-bissau,2021,6
pays,pays_de_naissance,guinée_équatoriale,2021,0
pays,pays_de_naissance,guyana,2021,11
pays,pays_de_naissance,guyane_française,2021,17
pays,pays_de_naissance,géorgie,2021,15
pays,pays_de_naissance,haïti,2021,4649
pays,pays_de_naissance,honduras,2021,94
pays,pays_de_naissance,hong_kong,2021,71
pays,pays_de_naissance,hongrie,2021,23
pays,pays_de_naissance,inde,2021,1366
pays,pays_de_naissance,indonésie,2021,42
pays,pays_de_naissance,iran,2021,1089
pays,pays_de_naissance,iraq,2021,60
pays,pays_de_naissance,irlande,2021,31
pays,pays_de_naissance,islande,2021,0
pays,pays_de_naissance,israël,2021,45
pays,pays_de_naissance,italie,2021,172
pays,pays_de_naissance,jamaïque,2021,51
pays,pays_de_naissance,japon,2021,87
pays,pays_de_naissance,"jersey,_bailliage_de",2021,0
pays,pays_de_naissance,jordanie,2021,87
pays,pays_de_naissance,kazakhstan,2021,25
pays,pays_de_naissance,kenya,2021,40
pays,pays_de_naissance,kirghizistan,2021,5
pays,pays_de_naissance,kosovo,2021,20
pays,pays_de_naissance,koweït,2021,77
pays,pays_de_naissance,laos,2021,0
pays,pays_de_naissance,lesotho,2021,0
pays,pays_de_naissance,lettonie,2021,8
pays,pays_de_naissance,liban,2021,893
pays,pays_de_naissance,libye,2021,132
pays,pays_de_naissance,libéria,2021,29
pays,pays_de_naissance,lituanie,2021,14
pays,pays_de_naissance,luxembourg,2021,14
pays,pays_de_naissance,macao,2021,0
pays,pays_de_naissance,macédoine,2021,13
pays,pays_de_naissance,madagascar,2021,218
pays,pays_de_naissance,malaisie,2021,20
pays,pays_de_naissance,malawi,2021,35
pays,pays_de_naissance,maldives,2021,0
pays,pays_de_naissance,mali,2021,228
pays,pays_de_naissance,malte,2021,0
pays,pays_de_naissance,maroc,2021,2587
pays,pays_de_naissance,martinique,2021,48
pays,pays_de_naissance,maurice,2021,249
pays,pays_de_naissance,mauritanie,2021,119
pays,pays_de_naissance,mayotte,2021,0
pays,pays_de_naissance,mexique,2021,1566
pays,pays_de_naissance,micronésie,2021,0
pays,pays_de_naissance,moldova,2021,102
pays,pays_de_naissance,monaco,2021,20
pays,pays_de_naissance,mongolie,2021,6
pays,pays_de_naissance,monténégro,2021,0
pays,pays_de_naissance,mozambique,2021,0
pays,pays_de_naissance,myanmar,2021,10
pays,pays_de_naissance,namibie,2021,11
pays,pays_de_naissance,nicaragua,2021,212
pays,pays_de_naissance,niger,2021,68
pays,pays_de_naissance,nigéria,2021,1140
pays,pays_de_naissance,norvège,2021,7
pays,pays_de_naissance,nouvelle-calédonie,2021,39
pays,pays_de_naissance,nouvelle-zélande,2021,18
pays,pays_de_naissance,népal,2021,17
pays,pays_de_naissance,oman,2021,10
pays,pays_de_naissance,ouganda,2021,49
pays,pays_de_naissance,ouzbékistan,2021,13
pays,pays_de_naissance,pakistan,2021,571
pays,pays_de_naissance,palestine,2021,54
pays,pays_de_naissance,panama,2021,25
pays,pays_de_naissance,papouasie-nouvelle-guinée,2021,0
pays,pays_de_naissance,paraguay,2021,5
pays,pays_de_naissance,pays-bas,2021,39
pays,pays_de_naissance,philippines,2021,593
pays,pays_de_naissance,pologne,2021,49
pays,pays_de_naissance,polynésie_française,2021,34
pays,pays_de_naissance,porto_rico,2021,5
pays,pays_de_naissance,portugal,2021,54
pays,pays_de_naissance,pérou,2021,271
pays,pays_de_naissance,qatar,2021,29
pays,pays_de_naissance,roumanie,2021,151
pays,pays_de_naissance,royaume-uni,2021,285
pays,pays_de_naissance,russie,2021,111
pays,pays_de_naissance,rwanda,2021,353
pays,pays_de_naissance,rép._centrafricaine,2021,82
pays,pays_de_naissance,rép._dominicaine,2021,379
pays,pays_de_naissance,rép._du_soudan_du_sud,2021,0
pays,pays_de_naissance,rép._dém._du_congo,2021,1291
pays,pays_de_naissance,rép._tchèque,2021,17
pays,pays_de_naissance,réunion,2021,76
pays,pays_de_naissance,sahara_occidental,2021,0
pays,pays_de_naissance,saint-kitts-et-nevis,2021,0
pays,pays_de_naissance,saint-marin,2021,0
pays,pays_de_naissance,saint-martin,2021,0
pays,pays_de_naissance,saint-pierre-et-miquelon,2021,0
pays,pays_de_naissance,saint-vincent-et-les_grenadines,2021,60
pays,pays_de_naissance,sainte-lucie,2021,14
pays,pays_de_naissance,samoa,2021,0
pays,pays_de_naissance,sao_tomé-et-principe,2021,0
pays,pays_de_naissance,serbie,2021,14
pays,pays_de_naissance,serbie-et-monténégro,2021,0
pays,pays_de_naissance,seychelles,2021,0
pays,pays_de_naissance,sierra_leone,2021,12
pays,pays_de_naissance,singapour,2021,14
pays,pays_de_naissance,slovaquie,2021,9
pays,pays_de_naissance,slovénie,2021,0
pays,pays_de_naissance,somalie,2021,5
pays,pays_de_naissance,soudan,2021,66
pays,pays_de_naissance,sri_lanka,2021,120
pays,pays_de_naissance,suisse,2021,137
pays,pays_de_naissance,suriname,2021,0
pays,pays_de_naissance,suède,2021,23
pays,pays_de_naissance,swaziland,2021,0
pays,pays_de_naissance,syrie,2021,406
pays,pays_de_naissance,sénégal,2021,722
pays,pays_de_naissance,tadjikistan,2021,7
pays,pays_de_naissance,tanzanie,2021,63
pays,pays_de_naissance,taïwan,2021,91
pays,pays_de_naissance,tchad,2021,264
pays,pays_de_naissance,tchécoslovaquie,2021,0
pays,pays_de_naissance,thaïlande,2021,58
pays,pays_de_naissance,tibet,2021,0
pays,pays_de_naissance,timor-leste,2021,0
pays,pays_de_naissance,togo,2021,380
pays,pays_de_naissance,tonga,2021,0
pays,pays_de_naissance,trinité-et-tobago,2021,12
pays,pays_de_naissance,tunisie,2021,2661
pays,pays_de_naissance,turkménistan,2021,0
pays,pays_de_naissance,turquie,2021,220
pays,pays_de_naissance,ukraine,2021,148
pays,pays_de_naissance,union_soviétique,2021,64
pays,pays_de_naissance,uruguay,2021,28
pays,pays_de_naissance,vanuatu,2021,0
pays,pays_de_naissance,venezuela,2021,391
pays,pays_de_naissance,vietnam,2021,451
pays,pays_de_naissance,wallis-et-futuna,2021,0
pays,pays_de_naissance,yougoslavie,2021,0
pays,pays_de_naissance,yémen,2021,85
pays,pays_de_naissance,z_-_non_disponible,2021,8
pays,pays_de_naissance,zambie,2021,7
pays,pays_de_naissance,zimbabwe,2021,46
pays,pays_de_naissance,égypte,2021,339
pays,pays_de_naissance,émirats_arabes_unis,2021,110
pays,pays_de_naissance,équateur,2021,59
pays,pays_de_naissance,érythrée,2021,86
pays,pays_de_naissance,états-unis,2021,1565
pays,pays_de_naissance,éthiopie,2021,48
pays,pays_de_naissance,île_de_noël,2021,0
pays,pays_de_naissance,îles_caïmanes,2021,0
pays,pays_de_naissance,îles_comores,2021,16
pays,pays_de_naissance,îles_du_pacifique,2021,0
pays,pays_de_naissance,îles_mariannes_du_nord,2021,0
pays,pays_de_naissance,îles_marshall,2021,0
pays,pays_de_naissance,îles_salomon,2021,0
pays,pays_de_naissance,îles_turques_et_caïques,2021,0
pays,pays_de_naissance,îles_vierges_américaines,2021,0
refugies,réfugiés_reconnus_sur_place,famille_sur_place_d'un_réfugié_reconnu_sur_place,2021,387
refugies,réfugiés_reconnus_sur_place,famille_à_l'étranger_d'un_réfugié_reconnu_sur_place,2021,1530
refugies,réfugiés_reconnus_sur_place,réfugiés_reconnus_sur_place,2021,6340
refugies,réfugiés_sélectionnés_à_l'étranger,parrainage,2021,248
refugies,réfugiés_sélectionnés_à_l'étranger,réfugiés_pris_en_charge_par_l'état,2021,671
regroupement_familial,regroupement_familial,regroupement_familial,2021,13820
sexe,sexe,femmes,2021,29941
sexe,sexe,hommes,2021,29839
sexe,sexe,non_disponible,2021,0
age,groupe_age,00-19_ans,2022,14193
age,groupe_age,20-24_ans,2022,3381
age,groupe_age,25-34_ans,2022,14685
age,groupe_age,35-39_ans,2022,6366
age,groupe_age,40-44_ans,2022,3822
age,groupe_age,45-49_ans,2022,2240
age,groupe_age,50-54_ans,2022,1489
age,groupe_age,non_disponible,2022,0
age,groupe_age,plus_de_55_ans,2022,5163
autres_immigrants,autres_immigrants,autres_immigrants,2022,1008
immigration_economique,autres_catégories_économiques,aides_familiaux,2022,7
immigration_economique,gens_d'affaires,entrepreneurs,2022,117
immigration_economique,gens_d'affaires,investisseurs,2022,940
immigration_economique,gens_d'affaires,travailleurs_autonomes,2022,214
immigration_economique,travailleurs_qualifiés,autres_travailleurs_qualifiés,2022,0
immigration_economique,travailleurs_qualifiés,emploi_assuré,2022,0
immigration_economique,travailleurs_qualifiés,peq_travailleurs,2022,3957
immigration_economique,travailleurs_qualifiés,peq_étudiants,2022,1958
immigration_economique,travailleurs_qualifiés,programme_pilote,2022,527
immigration_economique,travailleurs_qualifiés,prtq,2022,12286
implication,type_d'implication,personne_à_charge,2022,21447
implication,type_d'implication,requérant_principal,2022,29895
mouvement_special,victimes_du_séisme_en_haïti,haïti_-_cas_humanitaires,2022,0
pays,pays_de_naissance,afghanistan,2022,919
pays,pays_de_naissance,afrique_du_sud,2022,97
pays,pays_de_naissance,albanie,2022,33
pays,pays_de_naissance,algérie,2022,2770
pays,pays_de_naissance,allemagne,2022,110
pays,pays_de_naissance,andorre,2022,0
pays,pays_de_naissance,angola,2022,223
pays,pays_de_naissance,antigua-et-barbuda,2022,0
pays,pays_de_naissance,antilles_néerlandaises,2022,0
pays,pays_de_naissance,apatrides,2022,0
pays,pays_de_naissance,arabie_saoudite,2022,256
pays,pays_de_naissance,argentine,2022,71
pays,pays_de_naissance,arménie,2022,30
pays,pays_de_naissance,aruba,2022,0
pays,pays_de_naissance,australie,2022,42
pays,pays_de_naissance,autres_afrique,2022,0
pays,pays_de_naissance,autres_asie,2022,0
pays,pays_de_naissance,autres_océanie,2022,0
pays,pays_de_naissance,autriche,2022,6
pays,pays_de_naissance,azerbaïdjan,2022,17
pays,pays_de_naissance,bahamas,2022,23
pays,pays_de_naissance,bahreïn,2022,6
pays,pays_de_naissance,bangladesh,2022,396
pays,pays_de_naissance,barbade,2022,10
pays,pays_de_naissance,belgique,2022,137
pays,pays_de_naissance,belize,2022,0
pays,pays_de_naissance,bermudes,2022,0
pays,pays_de_naissance,bhoutan,2022,0
pays,pays_de_naissance,bolivie,2022,27
pays,pays_de_naissance,bosnie-herzégovine,2022,0
pays,pays_de_naissance,botswana,2022,0
pays,pays_de_naissance,brunéi_darussalam,2022,0
pays,pays_de_naissance,brésil,2022,649
pays,pays_de_naissance,bulgarie,2022,24
pays,pays_de_naissance,burkina_faso,2022,268
pays,pays_de_naissance,burundi,2022,585
pays,pays_de_naissance,bélarus,2022,14
pays,pays_de_naissance,bénin,2022,348
pays,pays_de_naissance,cambodge,2022,55
pays,pays_de_naissance,cameroun,2022,4713
pays,pays_de_naissance,canada,2022,20
pays,pays_de_naissance,cap-vert,2022,0
pays,pays_de_naissance,chili,2022,142
pays,pays_de_naissance,chine,2022,1818
pays,pays_de_naissance,chypre,2022,0
pays,pays_de_naissance,cit._brit.,2022,0
pays,pays_de_naissance,colombie,2022,1943
pays,pays_de_naissance,congo,2022,164
pays,pays_de_naissance,corée_du_nord,2022,0
pays,pays_de_naissance,corée_du_sud,2022,129
pays,pays_de_naissance,costa_rica,2022,58
pays,pays_de_naissance,croatie,2022,7
pays,pays_de_naissance,cuba,2022,413
pays,pays_de_naissance,curaçao,2022,0
pays,pays_de_naissance,côte_d'ivoire,2022,1252
pays,pays_de_naissance,danemark,2022,8
pays,pays_de_naissance,djibouti,2022,85
pays,pays_de_naissance,dominique,2022,0
pays,pays_de_naissance,el_salvador,2022,262
pays,pays_de_naissance,erreur!,2022,0
pays,pays_de_naissance,espagne,2022,83
pays,pays_de_naissance,estonie,2022,0
pays,pays_de_naissance,falkland,2022,0
pays,pays_de_naissance,fidji,2022,0
pays,pays_de_naissance,finlande,2022,7
pays,pays_de_naissance,france,2022,3982
pays,pays_de_naissance,gabon,2022,81
pays,pays_de_naissance,gambie,2022,21
pays,pays_de_naissance,ghana,2022,90
pays,pays_de_naissance,gibraltar,2022,0
pays,pays_de_naissance,grenade,2022,9
pays,pays_de_naissance,grèce,2022,28
pays,pays_de_naissance,guadeloupe,2022,31
pays,pays_de_naissance,guatemala,2022,122
pays,pays_de_naissance,guinée,2022,400
pays,pays_de_naissance,guinée-bissau,2022,0
pays,pays_de_naissance,guinée_équatoriale,2022,0
pays,pays_de_naissance,guyana,2022,6
pays,pays_de_naissance,guyane_française,2022,9
pays,pays_de_naissance,géorgie,2022,6
pays,pays_de_naissance,haïti,2022,3690
pays,pays_de_naissance,honduras,2022,111
pays,pays_de_naissance,hong_kong,2022,37
pays,pays_de_naissance,hongrie,2022,16
pays,pays_de_naissance,inde,2022,2433
pays,pays_de_naissance,indonésie,2022,43
pays,pays_de_naissance,iran,2022,1053
pays,pays_de_naissance,iraq,2022,119
pays,pays_de_naissance,irlande,2022,14
pays,pays_de_naissance,islande,2022,0
pays,pays_de_naissance,israël,2022,56
pays,pays_de_naissance,italie,2022,96
pays,pays_de_naissance,jamaïque,2022,49
pays,pays_de_naissance,japon,2022,57
pays,pays_de_naissance,"jersey,_bailliage_de",2022,0
pays,pays_de_naissance,jordanie,2022,78
pays,pays_de_naissance,kazakhstan,2022,15
pays,pays_de_naissance,kenya,2022,40
pays,pays_de_naissance,kirghizistan,2022,18
pays,pays_de_naissance,kosovo,2022,6
pays,pays_de_naissance,koweït,2022,47
pays,pays_de_naissance,laos,2022,0
pays,pays_de_naissance,lesotho,2022,0
pays,pays_de_naissance,lettonie,2022,9
pays,pays_de_naissance,liban,2022,1451
pays,pays_de_naissance,libye,2022,125
pays,pays_de_naissance,libéria,2022,27
pays,pays_de_naissance,lituanie,2022,8
pays,pays_de_naissance,luxembourg,2022,8
pays,pays_de_naissance,macao,2022,0
pays,pays_de_naissance,macédoine,2022,6
pays,pays_de_naissance,madagascar,2022,227
pays,pays_de_naissance,malaisie,2022,13
pays,pays_de_naissance,malawi,2022,27
pays,pays_de_naissance,maldives,2022,0
pays,pays_de_naissance,mali,2022,173
pays,pays_de_naissance,malte,2022,0
pays,pays_de_naissance,maroc,2022,2214
pays,pays_de_naissance,martinique,2022,21
pays,pays_de_naissance,maurice,2022,192
pays,pays_de_naissance,mauritanie,2022,85
pays,pays_de_naissance,mayotte,2022,0
pays,pays_de_naissance,mexique,2022,1429
pays,pays_de_naissance,micronésie,2022,0
pays,pays_de_naissance,moldova,2022,119
pays,pays_de_naissance,monaco,2022,5
pays,pays_de_naissance,mongolie,2022,14
pays,pays_de_naissance,monténégro,2022,0
pays,pays_de_naissance,mozambique,2022,0
pays,pays_de_naissance,myanmar,2022,7
pays,pays_de_naissance,namibie,2022,7
pays,pays_de_naissance,nicaragua,2022,92
pays,pays_de_naissance,niger,2022,43
pays,pays_de_naissance,nigéria,2022,583
pays,pays_de_naissance,norvège,2022,6
pays,pays_de_naissance,nouvelle-calédonie,2022,20
pays,pays_de_naissance,nouvelle-zélande,2022,6
pays,pays_de_naissance,népal,2022,13
pays,pays_de_naissance,oman,2022,0
pays,pays_de_naissance,ouganda,2022,105
pays,pays_de_naissance,ouzbékistan,2022,9
pays,pays_de_naissance,pakistan,2022,563
pays,pays_de_naissance,palestine,2022,31
pays,pays_de_naissance,panama,2022,9
pays,pays_de_naissance,papouasie-nouvelle-guinée,2022,0
pays,pays_de_naissance,paraguay,2022,0
pays,pays_de_naissance,pays-bas,2022,25
pays,pays_de_naissance,philippines,2022,426
pays,pays_de_naissance,pologne,2022,40
pays,pays_de_naissance,polynésie_française,2022,23
pays,pays_de_naissance,porto_rico,2022,5
pays,pays_de_naissance,portugal,2022,32
pays,pays_de_naissance,pérou,2022,291
pays,pays_de_naissance,qatar,2022,27
pays,pays_de_naissance,roumanie,2022,119
pays,pays_de_naissance,royaume-uni,2022,150
pays,pays_de_naissance,russie,2022,164
pays,pays_de_naissance,rwanda,2022,429
pays,pays_de_naissance,rép._centrafricaine,2022,444
pays,pays_de_naissance,rép._dominicaine,2022,322
pays,pays_de_naissance,rép._du_soudan_du_sud,2022,0
pays,pays_de_naissance,rép._dém._du_congo,2022,1428
pays,pays_de_naissance,rép._tchèque,2022,13
pays,pays_de_naissance,réunion,2022,38
pays,pays_de_naissance,sahara_occidental,2022,0
pays,pays_de_naissance,saint-kitts-et-nevis,2022,0
pays,pays_de_naissance,saint-marin,2022,0
pays,pays_de_naissance,saint-martin,2022,0
pays,pays_de_naissance,saint-pierre-et-miquelon,2022,0
pays,pays_de_naissance,saint-vincent-et-les_grenadines,2022,29
pays,pays_de_naissance,sainte-lucie,2022,10
pays,pays_de_naissance,samoa,2022,0
pays,pays_de_naissance,sao_tomé-et-principe,2022,0
pays,pays_de_naissance,serbie,2022,12
pays,pays_de_naissance,serbie-et-monténégro,2022,0
pays,pays_de_naissance,seychelles,2022,0
pays,pays_de_naissance,sierra_leone,2022,10
pays,pays_de_naissance,singapour,2022,19
pays,pays_de_naissance,slovaquie,2022,8
pays,pays_de_naissance,slovénie,2022,0
pays,pays_de_naissance,somalie,2022,12
pays,pays_de_naissance,soudan,2022,39
pays,pays_de_naissance,sri_lanka,2022,190
pays,pays_de_naissance,suisse,2022,62
pays,pays_de_naissance,suriname,2022,0
pays,pays_de_naissance,suède,2022,8
pays,pays_de_naissance,swaziland,2022,0
pays,pays_de_naissance,syrie,2022,846
pays,pays_de_naissance,sénégal,2022,566
pays,pays_de_naissance,tadjikistan,2022,67
pays,pays_de_naissance,tanzanie,2022,173
pays,pays_de_naissance,taïwan,2022,33
pays,pays_de_naissance,tchad,2022,234
pays,pays_de_naissance,tchécoslovaquie,2022,0
pays,pays_de_naissance,thaïlande,2022,64
pays,pays_de_naissance,tibet,2022,0
pays,pays_de_naissance,timor-leste,2022,0
pays,pays_de_naissance,togo,2022,528
pays,pays_de_naissance,tonga,2022,0
pays,pays_de_naissance,trinité-et-tobago,2022,9
pays,pays_de_naissance,tunisie,2022,2114
pays,pays_de_naissance,turkménistan,2022,0
pays,pays_de_naissance,turquie,2022,176
pays,pays_de_naissance,ukraine,2022,175
pays,pays_de_naissance,union_soviétique,2022,62
pays,pays_de_naissance,uruguay,2022,6
pays,pays_de_naissance,vanuatu,2022,0
pays,pays_de_naissance,venezuela,2022,458
pays,pays_de_naissance,vietnam,2022,408
pays,pays_de_naissance,wallis-et-futuna,2022,0
pays,pays_de_naissance,yougoslavie,2022,0
pays,pays_de_naissance,yémen,2022,50
pays,pays_de_naissance,z_-_non_disponible,2022,0
pays,pays_de_naissance,zambie,2022,0
pays,pays_de_naissance,zimbabwe,2022,42
pays,pays_de_naissance,égypte,2022,285
pays,pays_de_naissance,émirats_arabes_unis,2022,90
pays,pays_de_naissance,équateur,2022,79
pays,pays_de_naissance,érythrée,2022,103
pays,pays_de_naissance,états-unis,2022,1012
pays,pays_de_naissance,éthiopie,2022,39
pays,pays_de_naissance,île_de_noël,2022,0
pays,pays_de_naissance,îles_caïmanes,2022,0
pays,pays_de_naissance,îles_comores,2022,13
pays,pays_de_naissance,îles_du_pacifique,2022,0
pays,pays_de_naissance,îles_mariannes_du_nord,2022,0
pays,pays_de_naissance,îles_marshall,2022,0
pays,pays_de_naissance,îles_salomon,2022,0
pays,pays_de_naissance,îles_turques_et_caïques,2022,0
pays,pays_de_naissance,îles_vierges_américaines,2022,0
refugies,réfugiés_reconnus_sur_place,famille_sur_place_d'un_réfugié_reconnu_sur_place,2022,374
refugies,réfugiés_reconnus_sur_place,famille_à_l'étranger_d'un_réfugié_reconnu_sur_place,2022,2047
refugies,réfugiés_reconnus_sur_place,réfugiés_reconnus_sur_place,2022,7937
refugies,réfugiés_sélectionnés_à_l'étranger,parrainage,2022,1511
refugies,réfugiés_sélectionnés_à_l'étranger,réfugiés_pris_en_charge_par_l'état,2022,1873
regroupement_familial,regroupement_familial,regroupement_familial,2022,16586
sexe,sexe,femmes,2022,26534
sexe,sexe,hommes,2022,24808
sexe,sexe,non_disponible,2022,0
age,groupe_age,00-19_ans,2023,19481
age,groupe_age,20-24_ans,2023,4370
age,groupe_age,25-34_ans,2023,22116
age,groupe_age,35-39_ans,2023,8790
age,groupe_age,40-44_ans,2023,5104
age,groupe_age,45-49_ans,2023,2807
age,groupe_age,50-54_ans,2023,1655
age,groupe_age,non_disponible,2023,0
age,groupe_age,plus_de_55_ans,2023,5416
autres_immigrants,autres_immigrants,autres_immigrants,2023,1248
immigration_economique,autres_catégories_économiques,aides_familiaux,2023,7
immigration_economique,gens_d'affaires,entrepreneurs,2023,22
immigration_economique,gens_d'affaires,investisseurs,2023,967
immigration_economique,gens_d'affaires,travailleurs_autonomes,2023,124
immigration_economique,travailleurs_qualifiés,autres_travailleurs_qualifiés,2023,0
immigration_economique,travailleurs_qualifiés,emploi_assuré,2023,0
immigration_economique,travailleurs_qualifiés,peq_travailleurs,2023,5670
immigration_economique,travailleurs_qualifiés,peq_étudiants,2023,3643
immigration_economique,travailleurs_qualifiés,programme_pilote,2023,1490
immigration_economique,travailleurs_qualifiés,prtq,2023,25040
implication,type_d'implication,personne_à_charge,2023,30499
implication,type_d'implication,requérant_principal,2023,39243
mouvement_special,victimes_du_séisme_en_haïti,haïti_-_cas_humanitaires,2023,0
pays,pays_de_naissance,afghanistan,2023,492
pays,pays_de_naissance,afrique_du_sud,2023,87
pays,pays_de_naissance,albanie,2023,74
pays,pays_de_naissance,algérie,2023,4137
pays,pays_de_naissance,allemagne,2023,116
pays,pays_de_naissance,andorre,2023,0
pays,pays_de_naissance,angola,2023,209
pays,pays_de_naissance,antigua-et-barbuda,2023,0
pays,pays_de_naissance,antilles_néerlandaises,2023,0
pays,pays_de_naissance,apatrides,2023,0
pays,pays_de_naissance,arabie_saoudite,2023,258
pays,pays_de_naissance,argentine,2023,64
pays,pays_de_naissance,arménie,2023,41
pays,pays_de_naissance,aruba,2023,0
pays,pays_de_naissance,australie,2023,45
pays,pays_de_naissance,autres_afrique,2023,0
pays,pays_de_naissance,autres_asie,2023,0
pays,pays_de_naissance,autres_océanie,2023,0
pays,pays_de_naissance,autriche,2023,12
pays,pays_de_naissance,azerbaïdjan,2023,16
pays,pays_de_naissance,bahamas,2023,20
pays,pays_de_naissance,bahreïn,2023,0
pays,pays_de_naissance,bangladesh,2023,422
pays,pays_de_naissance,barbade,2023,12
pays,pays_de_naissance,belgique,2023,272
pays,pays_de_naissance,belize,2023,0
pays,pays_de_naissance,bermudes,2023,0
pays,pays_de_naissance,bhoutan,2023,0
pays,pays_de_naissance,bolivie,2023,23
pays,pays_de_naissance,bosnie-herzégovine,2023,10
pays,pays_de_naissance,botswana,2023,0
pays,pays_de_naissance,brunéi_darussalam,2023,0
pays,pays_de_naissance,brésil,2023,952
pays,pays_de_naissance,bulgarie,2023,27
pays,pays_de_naissance,burkina_faso,2023,313
pays,pays_de_naissance,burundi,2023,638
pays,pays_de_naissance,bélarus,2023,31
pays,pays_de_naissance,bénin,2023,552
pays,pays_de_naissance,cambodge,2023,54
pays,pays_de_naissance,cameroun,2023,11787
pays,pays_de_naissance,canada,2023,34
pays,pays_de_naissance,cap-vert,2023,0
pays,pays_de_naissance,chili,2023,211
pays,pays_de_naissance,chine,2023,1993
pays,pays_de_naissance,chypre,2023,0
pays,pays_de_naissance,cit._brit.,2023,0
pays,pays_de_naissance,colombie,2023,2285
pays,pays_de_naissance,congo,2023,218
pays,pays_de_naissance,corée_du_nord,2023,0
pays,pays_de_naissance,corée_du_sud,2023,159
pays,pays_de_naissance,costa_rica,2023,44
pays,pays_de_naissance,croatie,2023,0
pays,pays_de_naissance,cuba,2023,515
pays,pays_de_naissance,curaçao,2023,0
pays,pays_de_naissance,côte_d'ivoire,2023,1944
pays,pays_de_naissance,danemark,2023,7
pays,pays_de_naissance,djibouti,2023,79
pays,pays_de_naissance,dominique,2023,0
pays,pays_de_naissance,el_salvador,2023,168
pays,pays_de_naissance,erreur!,2023,0
pays,pays_de_naissance,espagne,2023,107
pays,pays_de_naissance,estonie,2023,0
pays,pays_de_naissance,falkland,2023,0
pays,pays_de_naissance,fidji,2023,0
pays,pays_de_naissance,finlande,2023,5
pays,pays_de_naissance,france,2023,6394
pays,pays_de_naissance,gabon,2023,109
pays,pays_de_naissance,gambie,2023,29
pays,pays_de_naissance,ghana,2023,111
pays,pays_de_naissance,gibraltar,2023,0
pays,pays_de_naissance,grenade,2023,11
pays,pays_de_naissance,grèce,2023,29
pays,pays_de_naissance,guadeloupe,2023,45
pays,pays_de_naissance,guatemala,2023,107
pays,pays_de_naissance,guinée,2023,486
pays,pays_de_naissance,guinée-bissau,2023,0
pays,pays_de_naissance,guinée_équatoriale,2023,0
pays,pays_de_naissance,guyana,2023,9
pays,pays_de_naissance,guyane_française,2023,16
pays,pays_de_naissance,géorgie,2023,0
pays,pays_de_naissance,haïti,2023,4114
pays,pays_de_naissance,honduras,2023,138
pays,pays_de_naissance,hong_kong,2023,36
pays,pays_de_naissance,hongrie,2023,29
pays,pays_de_naissance,inde,2023,2507
pays,pays_de_naissance,indonésie,2023,62
pays,pays_de_naissance,iran,2023,1388
pays,pays_de_naissance,iraq,2023,83
pays,pays_de_naissance,irlande,2023,17
pays,pays_de_naissance,islande,2023,5
pays,pays_de_naissance,israël,2023,55
pays,pays_de_naissance,italie,2023,111
pays,pays_de_naissance,jamaïque,2023,37
pays,pays_de_naissance,japon,2023,60
pays,pays_de_naissance,"jersey,_bailliage_de",2023,0
pays,pays_de_naissance,jordanie,2023,63
pays,pays_de_naissance,kazakhstan,2023,34
pays,pays_de_naissance,kenya,2023,43
pays,pays_de_naissance,kirghizistan,2023,6
pays,pays_de_naissance,kosovo,2023,7
pays,pays_de_naissance,koweït,2023,32
pays,pays_de_naissance,laos,2023,9
pays,pays_de_naissance,lesotho,2023,0
pays,pays_de_naissance,lettonie,2023,0
pays,pays_de_naissance,liban,2023,1269
pays,pays_de_naissance,libye,2023,98
pays,pays_de_naissance,libéria,2023,47
pays,pays_de_naissance,lituanie,2023,5
pays,pays_de_naissance,luxembourg,2023,10
pays,pays_de_naissance,macao,2023,0
pays,pays_de_naissance,macédoine,2023,0
pays,pays_de_naissance,madagascar,2023,562
pays,pays_de_naissance,malaisie,2023,23
pays,pays_de_naissance,malawi,2023,13
pays,pays_de_naissance,maldives,2023,0
pays,pays_de_naissance,mali,2023,285
pays,pays_de_naissance,malte,2023,0
pays,pays_de_naissance,maroc,2023,3212
pays,pays_de_naissance,martinique,2023,29
pays,pays_de_naissance,maurice,2023,528
pays,pays_de_naissance,mauritanie,2023,79
pays,pays_de_naissance,mayotte,2023,5
pays,pays_de_naissance,mexique,2023,1936
pays,pays_de_naissance,micronésie,2023,0
pays,pays_de_naissance,moldova,2023,101
pays,pays_de_naissance,monaco,2023,10
pays,pays_de_naissance,mongolie,2023,0
pays,pays_de_naissance,monténégro,2023,0
pays,pays_de_naissance,mozambique,2023,0
pays,pays_de_naissance,myanmar,2023,28
pays,pays_de_naissance,namibie,2023,7
pays,pays_de_naissance,nicaragua,2023,173
pays,pays_de_naissance,niger,2023,85
pays,pays_de_naissance,nigéria,2023,472
pays,pays_de_naissance,norvège,2023,0
pays,pays_de_naissance,nouvelle-calédonie,2023,24
pays,pays_de_naissance,nouvelle-zélande,2023,13
pays,pays_de_naissance,népal,2023,14
pays,pays_de_naissance,oman,2023,19
pays,pays_de_naissance,ouganda,2023,75
pays,pays_de_naissance,ouzbékistan,2023,8
pays,pays_de_naissance,pakistan,2023,570
pays,pays_de_naissance,palestine,2023,43
pays,pays_de_naissance,panama,2023,21
pays,pays_de_naissance,papouasie-nouvelle-guinée,2023,0
pays,pays_de_naissance,paraguay,2023,6
pays,pays_de_naissance,pays-bas,2023,33
pays,pays_de_naissance,philippines,2023,681
pays,pays_de_naissance,pologne,2023,22
pays,pays_de_naissance,polynésie_française,2023,22
pays,pays_de_naissance,porto_rico,2023,0
pays,pays_de_naissance,portugal,2023,39
pays,pays_de_naissance,pérou,2023,250
pays,pays_de_naissance,qatar,2023,25
pays,pays_de_naissance,roumanie,2023,141
pays,pays_de_naissance,royaume-uni,2023,188
pays,pays_de_naissance,russie,2023,164
pays,pays_de_naissance,rwanda,2023,482
pays,pays_de_naissance,rép._centrafricaine,2023,180
pays,pays_de_naissance,rép._dominicaine,2023,323
pays,pays_de_naissance,rép._du_soudan_du_sud,2023,0
pays,pays_de_naissance,rép._dém._du_congo,2023,1485
pays,pays_de_naissance,rép._tchèque,2023,5
pays,pays_de_naissance,réunion,2023,62
pays,pays_de_naissance,sahara_occidental,2023,0
pays,pays_de_naissance,saint-kitts-et-nevis,2023,0
pays,pays_de_naissance,saint-marin,2023,0
pays,pays_de_naissance,saint-martin,2023,0
pays,pays_de_naissance,saint-pierre-et-miquelon,2023,0
pays,pays_de_naissance,saint-vincent-et-les_grenadines,2023,27
pays,pays_de_naissance,sainte-lucie,2023,8
pays,pays_de_naissance,samoa,2023,0
pays,pays_de_naissance,sao_tomé-et-principe,2023,0
pays,pays_de_naissance,serbie,2023,12
pays,pays_de_naissance,serbie-et-monténégro,2023,0
pays,pays_de_naissance,seychelles,2023,0
pays,pays_de_naissance,sierra_leone,2023,14
pays,pays_de_naissance,singapour,2023,12
pays,pays_de_naissance,slovaquie,2023,6
pays,pays_de_naissance,slovénie,2023,0
pays,pays_de_naissance,somalie,2023,6
pays,pays_de_naissance,soudan,2023,67
pays,pays_de_naissance,sri_lanka,2023,142
pays,pays_de_naissance,suisse,2023,59
pays,pays_de_naissance,suriname,2023,0
pays,pays_de_naissance,suède,2023,19
pays,pays_de_naissance,swaziland,2023,0
pays,pays_de_naissance,syrie,2023,953
pays,pays_de_naissance,sénégal,2023,788
pays,pays_de_naissance,tadjikistan,2023,12
pays,pays_de_naissance,tanzanie,2023,78
pays,pays_de_naissance,taïwan,2023,61
pays,pays_de_naissance,tchad,2023,182
pays,pays_de_naissance,tchécoslovaquie,2023,0
pays,pays_de_naissance,thaïlande,2023,52
pays,pays_de_naissance,tibet,2023,0
pays,pays_de_naissance,timor-leste,2023,0
pays,pays_de_naissance,togo,2023,779
pays,pays_de_naissance,tonga,2023,0
pays,pays_de_naissance,trinité-et-tobago,2023,15
pays,pays_de_naissance,tunisie,2023,4130
pays,pays_de_naissance,turkménistan,2023,0
pays,pays_de_naissance,turquie,2023,875
pays,pays_de_naissance,ukraine,2023,148
pays,pays_de_naissance,union_soviétique,2023,41
pays,pays_de_naissance,uruguay,2023,7
pays,pays_de_naissance,vanuatu,2023,0
pays,pays_de_naissance,venezuela,2023,481
pays,pays_de_naissance,vietnam,2023,454
pays,pays_de_naissance,wallis-et-futuna,2023,0
pays,pays_de_naissance,yougoslavie,2023,0
pays,pays_de_naissance,yémen,2023,85
pays,pays_de_naissance,z_-_non_disponible,2023,17
pays,pays_de_naissance,zambie,2023,12
pays,pays_de_naissance,zimbabwe,2023,48
pays,pays_de_naissance,égypte,2023,286
pays,pays_de_naissance,émirats_arabes_unis,2023,168
pays,pays_de_naissance,équateur,2023,82
pays,pays_de_naissance,érythrée,2023,50
pays,pays_de_naissance,états-unis,2023,928
pays,pays_de_naissance,éthiopie,2023,66
pays,pays_de_naissance,île_de_noël,2023,5
pays,pays_de_naissance,îles_caïmanes,2023,0
pays,pays_de_naissance,îles_comores,2023,12
pays,pays_de_naissance,îles_du_pacifique,2023,0
pays,pays_de_naissance,îles_mariannes_du_nord,2023,0
pays,pays_de_naissance,îles_marshall,2023,0
pays,pays_de_naissance,îles_salomon,2023,0
pays,pays_de_naissance,îles_turques_et_caïques,2023,0
pays,pays_de_naissance,îles_vierges_américaines,2023,0
refugies,réfugiés_reconnus_sur_place,famille_sur_place_d'un_réfugié_reconnu_sur_place,2023,333
refugies,réfugiés_reconnus_sur_place,famille_à_l'étranger_d'un_réfugié_reconnu_sur_place,2023,1552
refugies,réfugiés_reconnus_sur_place,réfugiés_reconnus_sur_place,2023,9741
refugies,réfugiés_sélectionnés_à_l'étranger,parrainage,2023,1169
refugies,réfugiés_sélectionnés_à_l'étranger,réfugiés_pris_en_charge_par_l'état,2023,1490
regroupement_familial,regroupement_familial,regroupement_familial,2023,17246
sexe,sexe,femmes,2023,35551
sexe,sexe,hommes,2023,34190
sexe,sexe,non_disponible,2023,0
