categorie,description,Details,annee,nombre
Immigration économique,Travailleurs qualifiés,PRTQ,2016,30527
Immigration économique,Travailleurs qualifiés,PRTQ,2017,21563
Immigration économique,Travailleurs qualifiés,PRTQ,2018,12526
Immigration économique,Travailleurs qualifiés,PRTQ,2019,2442
Immigration économique,Travailleurs qualifiés,PRTQ,2020,4472
Immigration économique,Travailleurs qualifiés,PRTQ,2021,5576
Immigration économique,Travailleurs qualifiés,PRTQ,2022,12286
Immigration économique,Travailleurs qualifiés,PRTQ,2023,25040
Immigration économique,Travailleurs qualifiés,Emploi assuré,2016,NULL
Immigration économique,Travailleurs qualifiés,Emploi assuré,2017,NULL
Immigration économique,Travailleurs qualifiés,Emploi assuré,2018,NULL
Immigration économique,Travailleurs qualifiés,Emploi assuré,2019,NULL
Immigration économique,Travailleurs qualifiés,Emploi assuré,2020,NULL
Immigration économique,Travailleurs qualifiés,Emploi assuré,2021,NULL
Immigration économique,Travailleurs qualifiés,Emploi assuré,2022,NULL
Immigration économique,Travailleurs qualifiés,Emploi assuré,2023,NULL
Immigration économique,Travailleurs qualifiés,PEQ Étudiants,2016,4907
Immigration économique,Travailleurs qualifiés,PEQ Étudiants,2017,4791
Immigration économique,Travailleurs qualifiés,PEQ Étudiants,2018,5146
Immigration économique,Travailleurs qualifiés,PEQ Étudiants,2019,4867
Immigration économique,Travailleurs qualifiés,PEQ Étudiants,2020,8088
Immigration économique,Travailleurs qualifiés,PEQ Étudiants,2021,8068
Immigration économique,Travailleurs qualifiés,PEQ Étudiants,2022,1958
Immigration économique,Travailleurs qualifiés,PEQ Étudiants,2023,3643
Immigration économique,Travailleurs qualifiés,PEQ Travailleurs,2016,4534
Immigration économique,Travailleurs qualifiés,PEQ Travailleurs,2017,4402
Immigration économique,Travailleurs qualifiés,PEQ Travailleurs,2018,5566
Immigration économique,Travailleurs qualifiés,PEQ Travailleurs,2019,9881
Immigration économique,Travailleurs qualifiés,PEQ Travailleurs,2020,8404
Immigration économique,Travailleurs qualifiés,PEQ Travailleurs,2021,16323
Immigration économique,Travailleurs qualifiés,PEQ Travailleurs,2022,3957
Immigration économique,Travailleurs qualifiés,PEQ Travailleurs,2023,5670
Immigration économique,Travailleurs qualifiés,Programme pilote,2016,NULL
Immigration économique,Travailleurs qualifiés,Programme pilote,2017,NULL
Immigration économique,Travailleurs qualifiés,Programme pilote,2018,NULL
Immigration économique,Travailleurs qualifiés,Programme pilote,2019,NULL
Immigration économique,Travailleurs qualifiés,Programme pilote,2020,NULL
Immigration économique,Travailleurs qualifiés,Programme pilote,2021,311
Immigration économique,Travailleurs qualifiés,Programme pilote,2022,527
Immigration économique,Travailleurs qualifiés,Programme pilote,2023,1490
Immigration économique,Travailleurs qualifiés,Autres travailleurs qualifiés,2016,18
Immigration économique,Travailleurs qualifiés,Autres travailleurs qualifiés,2017,6
Immigration économique,Travailleurs qualifiés,Autres travailleurs qualifiés,2018,11
Immigration économique,Travailleurs qualifiés,Autres travailleurs qualifiés,2019,NULL
Immigration économique,Travailleurs qualifiés,Autres travailleurs qualifiés,2020,NULL
Immigration économique,Travailleurs qualifiés,Autres travailleurs qualifiés,2021,NULL
Immigration économique,Travailleurs qualifiés,Autres travailleurs qualifiés,2022,NULL
Immigration économique,Travailleurs qualifiés,Autres travailleurs qualifiés,2023,NULL
Immigration économique,Gens d'affaires,Entrepreneurs,2016,301
Immigration économique,Gens d'affaires,Entrepreneurs,2017,384
Immigration économique,Gens d'affaires,Entrepreneurs,2018,39
Immigration économique,Gens d'affaires,Entrepreneurs,2019,8
Immigration économique,Gens d'affaires,Entrepreneurs,2020,66
Immigration économique,Gens d'affaires,Entrepreneurs,2021,146
Immigration économique,Gens d'affaires,Entrepreneurs,2022,117
Immigration économique,Gens d'affaires,Entrepreneurs,2023,22
Immigration économique,Gens d'affaires,Investisseurs,2016,6211
Immigration économique,Gens d'affaires,Investisseurs,2017,5221
Immigration économique,Gens d'affaires,Investisseurs,2018,5079
Immigration économique,Gens d'affaires,Investisseurs,2019,2647
Immigration économique,Gens d'affaires,Investisseurs,2020,1797
Immigration économique,Gens d'affaires,Investisseurs,2021,1382
Immigration économique,Gens d'affaires,Investisseurs,2022,940
Immigration économique,Gens d'affaires,Investisseurs,2023,967
Immigration économique,Gens d'affaires,Travailleurs autonomes,2016,93
Immigration économique,Gens d'affaires,Travailleurs autonomes,2017,76
Immigration économique,Gens d'affaires,Travailleurs autonomes,2018,NULL
Immigration économique,Gens d'affaires,Travailleurs autonomes,2019,14
Immigration économique,Gens d'affaires,Travailleurs autonomes,2020,224
Immigration économique,Gens d'affaires,Travailleurs autonomes,2021,155
Immigration économique,Gens d'affaires,Travailleurs autonomes,2022,214
Immigration économique,Gens d'affaires,Travailleurs autonomes,2023,124
Immigration économique,Autres catégories économiques,Aides familiaux,2016,703
Immigration économique,Autres catégories économiques,Aides familiaux,2017,389
Immigration économique,Autres catégories économiques,Aides familiaux,2018,485
Immigration économique,Autres catégories économiques,Aides familiaux,2019,269
Immigration économique,Autres catégories économiques,Aides familiaux,2020,93
Immigration économique,Autres catégories économiques,Aides familiaux,2021,30
Immigration économique,Autres catégories économiques,Aides familiaux,2022,7
Immigration économique,Autres catégories économiques,Aides familiaux,2023,7
Regroupement familial,Regroupement familial,Regroupement familial,2016,14797
Regroupement familial,Regroupement familial,Regroupement familial,2017,12935
Regroupement familial,Regroupement familial,Regroupement familial,2018,12915
Regroupement familial,Regroupement familial,Regroupement familial,2019,11351
Regroupement familial,Regroupement familial,Regroupement familial,2020,13849
Regroupement familial,Regroupement familial,Regroupement familial,2021,13820
Regroupement familial,Regroupement familial,Regroupement familial,2022,16586
Regroupement familial,Regroupement familial,Regroupement familial,2023,17246
Réfugiés et personnes en situation semblable,Réfugiés sélectionnés à l'étranger,Réfugiés pris en charge par l'État,2016,3710
Réfugiés et personnes en situation semblable,Réfugiés sélectionnés à l'étranger,Réfugiés pris en charge par l'État,2017,958
Réfugiés et personnes en situation semblable,Réfugiés sélectionnés à l'étranger,Réfugiés pris en charge par l'État,2018,1633
Réfugiés et personnes en situation semblable,Réfugiés sélectionnés à l'étranger,Réfugiés pris en charge par l'État,2019,1698
Réfugiés et personnes en situation semblable,Réfugiés sélectionnés à l'étranger,Réfugiés pris en charge par l'État,2020,912
Réfugiés et personnes en situation semblable,Réfugiés sélectionnés à l'étranger,Réfugiés pris en charge par l'État,2021,671
Réfugiés et personnes en situation semblable,Réfugiés sélectionnés à l'étranger,Réfugiés pris en charge par l'État,2022,1873
Réfugiés et personnes en situation semblable,Réfugiés sélectionnés à l'étranger,Réfugiés pris en charge par l'État,2023,1490
Réfugiés et personnes en situation semblable,Réfugiés sélectionnés à l'étranger,Parrainage,2016,4396
Réfugiés et personnes en situation semblable,Réfugiés sélectionnés à l'étranger,Parrainage,2017,5379
Réfugiés et personnes en situation semblable,Réfugiés sélectionnés à l'étranger,Parrainage,2018,4972
Réfugiés et personnes en situation semblable,Réfugiés sélectionnés à l'étranger,Parrainage,2019,3100
Réfugiés et personnes en situation semblable,Réfugiés sélectionnés à l'étranger,Parrainage,2020,1005
Réfugiés et personnes en situation semblable,Réfugiés sélectionnés à l'étranger,Parrainage,2021,248
Réfugiés et personnes en situation semblable,Réfugiés sélectionnés à l'étranger,Parrainage,2022,1511
Réfugiés et personnes en situation semblable,Réfugiés sélectionnés à l'étranger,Parrainage,2023,1169
Réfugiés et personnes en situation semblable,Réfugiés reconnus sur place,Réfugiés reconnus sur place,2016,2132
Réfugiés et personnes en situation semblable,Réfugiés reconnus sur place,Réfugiés reconnus sur place,2017,2192
Réfugiés et personnes en situation semblable,Réfugiés reconnus sur place,Réfugiés reconnus sur place,2018,2461
Réfugiés et personnes en situation semblable,Réfugiés reconnus sur place,Réfugiés reconnus sur place,2019,5448
Réfugiés et personnes en situation semblable,Réfugiés reconnus sur place,Réfugiés reconnus sur place,2020,4043
Réfugiés et personnes en situation semblable,Réfugiés reconnus sur place,Réfugiés reconnus sur place,2021,6340
Réfugiés et personnes en situation semblable,Réfugiés reconnus sur place,Réfugiés reconnus sur place,2022,7937
Réfugiés et personnes en situation semblable,Réfugiés reconnus sur place,Réfugiés reconnus sur place,2023,9741
Réfugiés et personnes en situation semblable, Réfugiés reconnus sur place,Famille à l'étranger d'un réfugié reconnu sur place,2016,1751
Réfugiés et personnes en situation semblable, Réfugiés reconnus sur place,Famille à l'étranger d'un réfugié reconnu sur place,2017,461
Réfugiés et personnes en situation semblable, Réfugiés reconnus sur place,Famille à l'étranger d'un réfugié reconnu sur place,2018,627
Réfugiés et personnes en situation semblable, Réfugiés reconnus sur place,Famille à l'étranger d'un réfugié reconnu sur place,2019,889
Réfugiés et personnes en situation semblable, Réfugiés reconnus sur place,Famille à l'étranger d'un réfugié reconnu sur place,2020,952
Réfugiés et personnes en situation semblable, Réfugiés reconnus sur place,Famille à l'étranger d'un réfugié reconnu sur place,2021,1530
Réfugiés et personnes en situation semblable, Réfugiés reconnus sur place,Famille à l'étranger d'un réfugié reconnu sur place,2022,2047
Réfugiés et personnes en situation semblable, Réfugiés reconnus sur place,Famille à l'étranger d'un réfugié reconnu sur place,2023,1552
Réfugiés et personnes en situation semblable,Réfugiés reconnus sur place,Famille sur place d'un réfugié reconnu sur place,2016,179
Réfugiés et personnes en situation semblable,Réfugiés reconnus sur place,Famille sur place d'un réfugié reconnu sur place,2017,42
Réfugiés et personnes en situation semblable,Réfugiés reconnus sur place,Famille sur place d'un réfugié reconnu sur place,2018,47
Réfugiés et personnes en situation semblable,Réfugiés reconnus sur place,Famille sur place d'un réfugié reconnu sur place,2019,90
Réfugiés et personnes en situation semblable,Réfugiés reconnus sur place,Famille sur place d'un réfugié reconnu sur place,2020,160
Réfugiés et personnes en situation semblable,Réfugiés reconnus sur place,Famille sur place d'un réfugié reconnu sur place,2021,387
Réfugiés et personnes en situation semblable,Réfugiés reconnus sur place,Famille sur place d'un réfugié reconnu sur place,2022,374
Réfugiés et personnes en situation semblable,Réfugiés reconnus sur place,Famille sur place d'un réfugié reconnu sur place,2023,333
Autres immigrants,Autres immigrants,Autres immigrants,2016,683
Autres immigrants,Autres immigrants,Autres immigrants,2017,703
Autres immigrants,Autres immigrants,Autres immigrants,2018,407
Autres immigrants,Autres immigrants,Autres immigrants,2019,751
Autres immigrants,Autres immigrants,Autres immigrants,2020,628
Autres immigrants,Autres immigrants,Autres immigrants,2021,4796
Autres immigrants,Autres immigrants,Autres immigrants,2022,1008
Autres immigrants,Autres immigrants,Autres immigrants,2023,1248
Mouvement spécial,Victimes du séisme en Haïti,Haïti - Cas humanitaires,2016,NULL
Mouvement spécial,Victimes du séisme en Haïti,Haïti - Cas humanitaires,2017,NULL
Mouvement spécial,Victimes du séisme en Haïti,Haïti - Cas humanitaires,2018,NULL
Mouvement spécial,Victimes du séisme en Haïti,Haïti - Cas humanitaires,2019,NULL
Mouvement spécial,Victimes du séisme en Haïti,Haïti - Cas humanitaires,2020,NULL
Mouvement spécial,Victimes du séisme en Haïti,Haïti - Cas humanitaires,2021,NULL
Mouvement spécial,Victimes du séisme en Haïti,Haïti - Cas humanitaires,2022,NULL
Mouvement spécial,Victimes du séisme en Haïti,Haïti - Cas humanitaires,2023,NULL
Âge,Groupe d'âge,00-19 ans,2016,22373
Âge,Groupe d'âge,00-19 ans,2017,18173
Âge,Groupe d'âge,00-19 ans,2018,15135
Âge,Groupe d'âge,00-19 ans,2019,11075
Âge,Groupe d'âge,00-19 ans,2020,10094
Âge,Groupe d'âge,00-19 ans,2021,15102
Âge,Groupe d'âge,00-19 ans,2022,14193
Âge,Groupe d'âge,00-19 ans,2023,19481
Âge,Groupe d'âge,20-24 ans,2016,4243
Âge,Groupe d'âge,20-24 ans,2017,3535
Âge,Groupe d'âge,20-24 ans,2018,3610
Âge,Groupe d'âge,20-24 ans,2019,3412
Âge,Groupe d'âge,20-24 ans,2020,4177
Âge,Groupe d'âge,20-24 ans,2021,4508
Âge,Groupe d'âge,20-24 ans,2022,3381
Âge,Groupe d'âge,20-24 ans,2023,4370
Âge,Groupe d'âge,25-34 ans,2016,25294
Âge,Groupe d'âge,25-34 ans,2017,18176
Âge,Groupe d'âge,25-34 ans,2018,15806
Âge,Groupe d'âge,25-34 ans,2019,14258
Âge,Groupe d'âge,25-34 ans,2020,15801
Âge,Groupe d'âge,25-34 ans,2021,20159
Âge,Groupe d'âge,25-34 ans,2022,14685
Âge,Groupe d'âge,25-34 ans,2023,22116
Âge,Groupe d'âge,35-39 ans,2016,9579
Âge,Groupe d'âge,35-39 ans,2017,7839
Âge,Groupe d'âge,35-39 ans,2018,6513
Âge,Groupe d'âge,35-39 ans,2019,4834
Âge,Groupe d'âge,35-39 ans,2020,5273
Âge,Groupe d'âge,35-39 ans,2021,7831
Âge,Groupe d'âge,35-39 ans,2022,6366
Âge,Groupe d'âge,35-39 ans,2023,8790
Âge,Groupe d'âge,40-44 ans,2016,5068
Âge,Groupe d'âge,40-44 ans,2017,4726
Âge,Groupe d'âge,40-44 ans,2018,3948
Âge,Groupe d'âge,40-44 ans,2019,3077
Âge,Groupe d'âge,40-44 ans,2020,3171
Âge,Groupe d'âge,40-44 ans,2021,4952
Âge,Groupe d'âge,40-44 ans,2022,3822
Âge,Groupe d'âge,40-44 ans,2023,5104
Âge,Groupe d'âge,45-49 ans,2016,2910
Âge,Groupe d'âge,45-49 ans,2017,2741
Âge,Groupe d'âge,45-49 ans,2018,2447
Âge,Groupe d'âge,45-49 ans,2019,2083
Âge,Groupe d'âge,45-49 ans,2020,1903
Âge,Groupe d'âge,45-49 ans,2021,3014
Âge,Groupe d'âge,45-49 ans,2022,2240
Âge,Groupe d'âge,45-49 ans,2023,2807
Âge,Groupe d'âge,50-54 ans,2016,1552
Âge,Groupe d'âge,50-54 ans,2017,1260
Âge,Groupe d'âge,50-54 ans,2018,1357
Âge,Groupe d'âge,50-54 ans,2019,1158
Âge,Groupe d'âge,50-54 ans,2020,1128
Âge,Groupe d'âge,50-54 ans,2021,1576
Âge,Groupe d'âge,50-54 ans,2022,1489
Âge,Groupe d'âge,50-54 ans,2023,1655
Âge,Groupe d'âge,plus de 55 ans,2016,3920
Âge,Groupe d'âge,plus de 55 ans,2017,3054
Âge,Groupe d'âge,plus de 55 ans,2018,3104
Âge,Groupe d'âge,plus de 55 ans,2019,3558
Âge,Groupe d'âge,plus de 55 ans,2020,3146
Âge,Groupe d'âge,plus de 55 ans,2021,2640
Âge,Groupe d'âge,plus de 55 ans,2022,5163
Âge,Groupe d'âge,plus de 55 ans,2023,5416
Âge,Groupe d'âge,Non disponible,2016,NULL
Âge,Groupe d'âge,Non disponible,2017,NULL
Âge,Groupe d'âge,Non disponible,2018,NULL
Âge,Groupe d'âge,Non disponible,2019,NULL
Âge,Groupe d'âge,Non disponible,2020,NULL
Âge,Groupe d'âge,Non disponible,2021,NULL
Âge,Groupe d'âge,Non disponible,2022,NULL
Âge,Groupe d'âge,Non disponible,2023,NULL
Caractère sexuel,Sexe,Femmes,2016,37699
Caractère sexuel,Sexe,Femmes,2017,29288
Caractère sexuel,Sexe,Femmes,2018,25946
Caractère sexuel,Sexe,Femmes,2019,22129
Caractère sexuel,Sexe,Femmes,2020,22431
Caractère sexuel,Sexe,Femmes,2021,29941
Caractère sexuel,Sexe,Femmes,2022,26534
Caractère sexuel,Sexe,Femmes,2023,35551
Caractère sexuel,Sexe,Hommes,2016,37242
Caractère sexuel,Sexe,Hommes,2017,30217
Caractère sexuel,Sexe,Hommes,2018,25973
Caractère sexuel,Sexe,Hommes,2019,21325
Caractère sexuel,Sexe,Hommes,2020,22262
Caractère sexuel,Sexe,Hommes,2021,29839
Caractère sexuel,Sexe,Hommes,2022,24808
Caractère sexuel,Sexe,Hommes,2023,34190
Caractère sexuel,Sexe,Non disponible,2016,NULL
Caractère sexuel,Sexe,Non disponible,2017,NULL
Caractère sexuel,Sexe,Non disponible,2018,NULL
Caractère sexuel,Sexe,Non disponible,2019,NULL
Caractère sexuel,Sexe,Non disponible,2020,NULL
Caractère sexuel,Sexe,Non disponible,2021,NULL
Caractère sexuel,Sexe,Non disponible,2022,NULL
Caractère sexuel,Sexe,Non disponible,2023,NULL
Implication,Type d'implication,Personne à charge,2016,34849
Implication,Type d'implication,Personne à charge,2017,27121
Implication,Type d'implication,Personne à charge,2018,22925
Implication,Type d'implication,Personne à charge,2019,17258
Implication,Type d'implication,Personne à charge,2020,16245
Implication,Type d'implication,Personne à charge,2021,23916
Implication,Type d'implication,Personne à charge,2022,21447
Implication,Type d'implication,Personne à charge,2023,30499
Implication,Type d'implication,Requérant principal,2016,40093
Implication,Type d'implication,Requérant principal,2017,32384
Implication,Type d'implication,Requérant principal,2018,28996
Implication,Type d'implication,Requérant principal,2019,26197
Implication,Type d'implication,Requérant principal,2020,28448
Implication,Type d'implication,Requérant principal,2021,35867
Implication,Type d'implication,Requérant principal,2022,29895
Implication,Type d'implication,Requérant principal,2023,39243
Pays ,Pays de naissance,Afghanistan,2016,667
Pays ,Pays de naissance,Afghanistan,2017,818
Pays ,Pays de naissance,Afghanistan,2018,483
Pays ,Pays de naissance,Afghanistan,2019,621
Pays ,Pays de naissance,Afghanistan,2020,564
Pays ,Pays de naissance,Afghanistan,2021,372
Pays ,Pays de naissance,Afghanistan,2022,919
Pays ,Pays de naissance,Afghanistan,2023,492
Pays ,Pays de naissance,Afrique du Sud,2016,51
Pays ,Pays de naissance,Afrique du Sud,2017,59
Pays ,Pays de naissance,Afrique du Sud,2018,36
Pays ,Pays de naissance,Afrique du Sud,2019,63
Pays ,Pays de naissance,Afrique du Sud,2020,59
Pays ,Pays de naissance,Afrique du Sud,2021,104
Pays ,Pays de naissance,Afrique du Sud,2022,97
Pays ,Pays de naissance,Afrique du Sud,2023,87
Pays ,Pays de naissance,Albanie,2016,121
Pays ,Pays de naissance,Albanie,2017,50
Pays ,Pays de naissance,Albanie,2018,73
Pays ,Pays de naissance,Albanie,2019,35
Pays ,Pays de naissance,Albanie,2020,59
Pays ,Pays de naissance,Albanie,2021,50
Pays ,Pays de naissance,Albanie,2022,33
Pays ,Pays de naissance,Albanie,2023,74
Pays ,Pays de naissance,Algérie,2016,3685
Pays ,Pays de naissance,Algérie,2017,4238
Pays ,Pays de naissance,Algérie,2018,3127
Pays ,Pays de naissance,Algérie,2019,1702
Pays ,Pays de naissance,Algérie,2020,2293
Pays ,Pays de naissance,Algérie,2021,2582
Pays ,Pays de naissance,Algérie,2022,2770
Pays ,Pays de naissance,Algérie,2023,4137
Pays ,Pays de naissance,Allemagne,2016,165
Pays ,Pays de naissance,Allemagne,2017,144
Pays ,Pays de naissance,Allemagne,2018,128
Pays ,Pays de naissance,Allemagne,2019,101
Pays ,Pays de naissance,Allemagne,2020,111
Pays ,Pays de naissance,Allemagne,2021,165
Pays ,Pays de naissance,Allemagne,2022,110
Pays ,Pays de naissance,Allemagne,2023,116
Pays ,Pays de naissance,Andorre,2016,NULL
Pays ,Pays de naissance,Andorre,2017,NULL
Pays ,Pays de naissance,Andorre,2018,NULL
Pays ,Pays de naissance,Andorre,2019,NULL
Pays ,Pays de naissance,Andorre,2020,NULL
Pays ,Pays de naissance,Andorre,2021,NULL
Pays ,Pays de naissance,Andorre,2022,NULL
Pays ,Pays de naissance,Andorre,2023,NULL
Pays ,Pays de naissance,Angola,2016,14
Pays ,Pays de naissance,Angola,2017,31
Pays ,Pays de naissance,Angola,2018,45
Pays ,Pays de naissance,Angola,2019,91
Pays ,Pays de naissance,Angola,2020,76
Pays ,Pays de naissance,Angola,2021,237
Pays ,Pays de naissance,Angola,2022,223
Pays ,Pays de naissance,Angola,2023,209
Pays ,Pays de naissance,Antigua-et-Barbuda,2016,NULL
Pays ,Pays de naissance,Antigua-et-Barbuda,2017,NULL
Pays ,Pays de naissance,Antigua-et-Barbuda,2018,NULL
Pays ,Pays de naissance,Antigua-et-Barbuda,2019,NULL
Pays ,Pays de naissance,Antigua-et-Barbuda,2020,NULL
Pays ,Pays de naissance,Antigua-et-Barbuda,2021,NULL
Pays ,Pays de naissance,Antigua-et-Barbuda,2022,NULL
Pays ,Pays de naissance,Antigua-et-Barbuda,2023,NULL
Pays ,Pays de naissance,Antilles néerlandaises,2016,NULL
Pays ,Pays de naissance,Antilles néerlandaises,2017,NULL
Pays ,Pays de naissance,Antilles néerlandaises,2018,NULL
Pays ,Pays de naissance,Antilles néerlandaises,2019,NULL
Pays ,Pays de naissance,Antilles néerlandaises,2020,NULL
Pays ,Pays de naissance,Antilles néerlandaises,2021,NULL
Pays ,Pays de naissance,Antilles néerlandaises,2022,NULL
Pays ,Pays de naissance,Antilles néerlandaises,2023,NULL
Pays ,Pays de naissance,Apatrides,2016,NULL
Pays ,Pays de naissance,Apatrides,2017,NULL
Pays ,Pays de naissance,Apatrides,2018,NULL
Pays ,Pays de naissance,Apatrides,2019,NULL
Pays ,Pays de naissance,Apatrides,2020,NULL
Pays ,Pays de naissance,Apatrides,2021,NULL
Pays ,Pays de naissance,Apatrides,2022,NULL
Pays ,Pays de naissance,Apatrides,2023,NULL
Pays ,Pays de naissance,Arabie saoudite,2016,206
Pays ,Pays de naissance,Arabie saoudite,2017,407
Pays ,Pays de naissance,Arabie saoudite,2018,537
Pays ,Pays de naissance,Arabie saoudite,2019,550
Pays ,Pays de naissance,Arabie saoudite,2020,327
Pays ,Pays de naissance,Arabie saoudite,2021,302
Pays ,Pays de naissance,Arabie saoudite,2022,256
Pays ,Pays de naissance,Arabie saoudite,2023,258
Pays ,Pays de naissance,Argentine,2016,62
Pays ,Pays de naissance,Argentine,2017,67
Pays ,Pays de naissance,Argentine,2018,52
Pays ,Pays de naissance,Argentine,2019,43
Pays ,Pays de naissance,Argentine,2020,90
Pays ,Pays de naissance,Argentine,2021,93
Pays ,Pays de naissance,Argentine,2022,71
Pays ,Pays de naissance,Argentine,2023,64
Pays ,Pays de naissance,Arménie,2016,97
Pays ,Pays de naissance,Arménie,2017,46
Pays ,Pays de naissance,Arménie,2018,36
Pays ,Pays de naissance,Arménie,2019,12
Pays ,Pays de naissance,Arménie,2020,25
Pays ,Pays de naissance,Arménie,2021,30
Pays ,Pays de naissance,Arménie,2022,30
Pays ,Pays de naissance,Arménie,2023,41
Pays ,Pays de naissance,Aruba,2016,NULL
Pays ,Pays de naissance,Aruba,2017,NULL
Pays ,Pays de naissance,Aruba,2018,NULL
Pays ,Pays de naissance,Aruba,2019,NULL
Pays ,Pays de naissance,Aruba,2020,NULL
Pays ,Pays de naissance,Aruba,2021,NULL
Pays ,Pays de naissance,Aruba,2022,NULL
Pays ,Pays de naissance,Aruba,2023,NULL
Pays ,Pays de naissance,Australie,2016,75
Pays ,Pays de naissance,Australie,2017,106
Pays ,Pays de naissance,Australie,2018,73
Pays ,Pays de naissance,Australie,2019,54
Pays ,Pays de naissance,Australie,2020,65
Pays ,Pays de naissance,Australie,2021,86
Pays ,Pays de naissance,Australie,2022,42
Pays ,Pays de naissance,Australie,2023,45
Pays ,Pays de naissance,Autres Afrique,2016,NULL
Pays ,Pays de naissance,Autres Afrique,2017,NULL
Pays ,Pays de naissance,Autres Afrique,2018,NULL
Pays ,Pays de naissance,Autres Afrique,2019,NULL
Pays ,Pays de naissance,Autres Afrique,2020,NULL
Pays ,Pays de naissance,Autres Afrique,2021,NULL
Pays ,Pays de naissance,Autres Afrique,2022,NULL
Pays ,Pays de naissance,Autres Afrique,2023,NULL
Pays ,Pays de naissance,Autres Asie,2016,NULL
Pays ,Pays de naissance,Autres Asie,2017,NULL
Pays ,Pays de naissance,Autres Asie,2018,NULL
Pays ,Pays de naissance,Autres Asie,2019,NULL
Pays ,Pays de naissance,Autres Asie,2020,NULL
Pays ,Pays de naissance,Autres Asie,2021,NULL
Pays ,Pays de naissance,Autres Asie,2022,NULL
Pays ,Pays de naissance,Autres Asie,2023,NULL
Pays ,Pays de naissance,Autres Océanie,2016,NULL
Pays ,Pays de naissance,Autres Océanie,2017,NULL
Pays ,Pays de naissance,Autres Océanie,2018,NULL
Pays ,Pays de naissance,Autres Océanie,2019,NULL
Pays ,Pays de naissance,Autres Océanie,2020,NULL
Pays ,Pays de naissance,Autres Océanie,2021,NULL
Pays ,Pays de naissance,Autres Océanie,2022,NULL
Pays ,Pays de naissance,Autres Océanie,2023,NULL
Pays ,Pays de naissance,Autriche,2016,11
Pays ,Pays de naissance,Autriche,2017,11
Pays ,Pays de naissance,Autriche,2018,7
Pays ,Pays de naissance,Autriche,2019,11
Pays ,Pays de naissance,Autriche,2020,12
Pays ,Pays de naissance,Autriche,2021,18
Pays ,Pays de naissance,Autriche,2022,6
Pays ,Pays de naissance,Autriche,2023,12
Pays ,Pays de naissance,Azerbaïdjan,2016,18
Pays ,Pays de naissance,Azerbaïdjan,2017,26
Pays ,Pays de naissance,Azerbaïdjan,2018,20
Pays ,Pays de naissance,Azerbaïdjan,2019,16
Pays ,Pays de naissance,Azerbaïdjan,2020,19
Pays ,Pays de naissance,Azerbaïdjan,2021,17
Pays ,Pays de naissance,Azerbaïdjan,2022,17
Pays ,Pays de naissance,Azerbaïdjan,2023,16
Pays ,Pays de naissance,Bahamas,2016,8
Pays ,Pays de naissance,Bahamas,2017,12
Pays ,Pays de naissance,Bahamas,2018,10
Pays ,Pays de naissance,Bahamas,2019,6
Pays ,Pays de naissance,Bahamas,2020,12
Pays ,Pays de naissance,Bahamas,2021,32
Pays ,Pays de naissance,Bahamas,2022,23
Pays ,Pays de naissance,Bahamas,2023,20
Pays ,Pays de naissance,Bahreïn,2016,17
Pays ,Pays de naissance,Bahreïn,2017,11
Pays ,Pays de naissance,Bahreïn,2018,14
Pays ,Pays de naissance,Bahreïn,2019,10
Pays ,Pays de naissance,Bahreïn,2020,NULL
Pays ,Pays de naissance,Bahreïn,2021,13
Pays ,Pays de naissance,Bahreïn,2022,6
Pays ,Pays de naissance,Bahreïn,2023,NULL
Pays ,Pays de naissance,Bangladesh,2016,416
Pays ,Pays de naissance,Bangladesh,2017,387
Pays ,Pays de naissance,Bangladesh,2018,355
Pays ,Pays de naissance,Bangladesh,2019,237
Pays ,Pays de naissance,Bangladesh,2020,295
Pays ,Pays de naissance,Bangladesh,2021,355
Pays ,Pays de naissance,Bangladesh,2022,396
Pays ,Pays de naissance,Bangladesh,2023,422
Pays ,Pays de naissance,Barbade,2016,10
Pays ,Pays de naissance,Barbade,2017,7
Pays ,Pays de naissance,Barbade,2018,10
Pays ,Pays de naissance,Barbade,2019,NULL
Pays ,Pays de naissance,Barbade,2020,6
Pays ,Pays de naissance,Barbade,2021,9
Pays ,Pays de naissance,Barbade,2022,10
Pays ,Pays de naissance,Barbade,2023,12
Pays ,Pays de naissance,Bélarus,2016,101
Pays ,Pays de naissance,Bélarus,2017,43
Pays ,Pays de naissance,Bélarus,2018,32
Pays ,Pays de naissance,Bélarus,2019,26
Pays ,Pays de naissance,Bélarus,2020,28
Pays ,Pays de naissance,Bélarus,2021,29
Pays ,Pays de naissance,Bélarus,2022,14
Pays ,Pays de naissance,Bélarus,2023,31
Pays ,Pays de naissance,Belgique,2016,290
Pays ,Pays de naissance,Belgique,2017,220
Pays ,Pays de naissance,Belgique,2018,240
Pays ,Pays de naissance,Belgique,2019,215
Pays ,Pays de naissance,Belgique,2020,274
Pays ,Pays de naissance,Belgique,2021,324
Pays ,Pays de naissance,Belgique,2022,137
Pays ,Pays de naissance,Belgique,2023,272
Pays ,Pays de naissance,Belize,2016,NULL
Pays ,Pays de naissance,Belize,2017,NULL
Pays ,Pays de naissance,Belize,2018,NULL
Pays ,Pays de naissance,Belize,2019,NULL
Pays ,Pays de naissance,Belize,2020,NULL
Pays ,Pays de naissance,Belize,2021,NULL
Pays ,Pays de naissance,Belize,2022,NULL
Pays ,Pays de naissance,Belize,2023,NULL
Pays ,Pays de naissance,Bénin,2016,467
Pays ,Pays de naissance,Bénin,2017,711
Pays ,Pays de naissance,Bénin,2018,287
Pays ,Pays de naissance,Bénin,2019,259
Pays ,Pays de naissance,Bénin,2020,325
Pays ,Pays de naissance,Bénin,2021,332
Pays ,Pays de naissance,Bénin,2022,348
Pays ,Pays de naissance,Bénin,2023,552
Pays ,Pays de naissance,Bermudes,2016,NULL
Pays ,Pays de naissance,Bermudes,2017,NULL
Pays ,Pays de naissance,Bermudes,2018,NULL
Pays ,Pays de naissance,Bermudes,2019,NULL
Pays ,Pays de naissance,Bermudes,2020,NULL
Pays ,Pays de naissance,Bermudes,2021,NULL
Pays ,Pays de naissance,Bermudes,2022,NULL
Pays ,Pays de naissance,Bermudes,2023,NULL
Pays ,Pays de naissance,Bhoutan,2016,NULL
Pays ,Pays de naissance,Bhoutan,2017,6
Pays ,Pays de naissance,Bhoutan,2018,NULL
Pays ,Pays de naissance,Bhoutan,2019,NULL
Pays ,Pays de naissance,Bhoutan,2020,NULL
Pays ,Pays de naissance,Bhoutan,2021,NULL
Pays ,Pays de naissance,Bhoutan,2022,NULL
Pays ,Pays de naissance,Bhoutan,2023,NULL
Pays ,Pays de naissance,Bolivie,2016,23
Pays ,Pays de naissance,Bolivie,2017,6
Pays ,Pays de naissance,Bolivie,2018,16
Pays ,Pays de naissance,Bolivie,2019,9
Pays ,Pays de naissance,Bolivie,2020,17
Pays ,Pays de naissance,Bolivie,2021,28
Pays ,Pays de naissance,Bolivie,2022,27
Pays ,Pays de naissance,Bolivie,2023,23
Pays ,Pays de naissance,Bosnie-Herzégovine,2016,30
Pays ,Pays de naissance,Bosnie-Herzégovine,2017,14
Pays ,Pays de naissance,Bosnie-Herzégovine,2018,14
Pays ,Pays de naissance,Bosnie-Herzégovine,2019,10
Pays ,Pays de naissance,Bosnie-Herzégovine,2020,14
Pays ,Pays de naissance,Bosnie-Herzégovine,2021,NULL
Pays ,Pays de naissance,Bosnie-Herzégovine,2022,NULL
Pays ,Pays de naissance,Bosnie-Herzégovine,2023,10
Pays ,Pays de naissance,Botswana,2016,5
Pays ,Pays de naissance,Botswana,2017,11
Pays ,Pays de naissance,Botswana,2018,5
Pays ,Pays de naissance,Botswana,2019,NULL
Pays ,Pays de naissance,Botswana,2020,NULL
Pays ,Pays de naissance,Botswana,2021,NULL
Pays ,Pays de naissance,Botswana,2022,NULL
Pays ,Pays de naissance,Botswana,2023,NULL
Pays ,Pays de naissance,Brésil,2016,671
Pays ,Pays de naissance,Brésil,2017,460
Pays ,Pays de naissance,Brésil,2018,780
Pays ,Pays de naissance,Brésil,2019,984
Pays ,Pays de naissance,Brésil,2020,1262
Pays ,Pays de naissance,Brésil,2021,1919
Pays ,Pays de naissance,Brésil,2022,649
Pays ,Pays de naissance,Brésil,2023,952
Pays ,Pays de naissance,Brunéi Darussalam,2016,NULL
Pays ,Pays de naissance,Brunéi Darussalam,2017,NULL
Pays ,Pays de naissance,Brunéi Darussalam,2018,NULL
Pays ,Pays de naissance,Brunéi Darussalam,2019,NULL
Pays ,Pays de naissance,Brunéi Darussalam,2020,NULL
Pays ,Pays de naissance,Brunéi Darussalam,2021,NULL
Pays ,Pays de naissance,Brunéi Darussalam,2022,NULL
Pays ,Pays de naissance,Brunéi Darussalam,2023,NULL
Pays ,Pays de naissance,Bulgarie,2016,70
Pays ,Pays de naissance,Bulgarie,2017,36
Pays ,Pays de naissance,Bulgarie,2018,38
Pays ,Pays de naissance,Bulgarie,2019,28
Pays ,Pays de naissance,Bulgarie,2020,27
Pays ,Pays de naissance,Bulgarie,2021,33
Pays ,Pays de naissance,Bulgarie,2022,24
Pays ,Pays de naissance,Bulgarie,2023,27
Pays ,Pays de naissance,Burkina Faso,2016,278
Pays ,Pays de naissance,Burkina Faso,2017,386
Pays ,Pays de naissance,Burkina Faso,2018,202
Pays ,Pays de naissance,Burkina Faso,2019,142
Pays ,Pays de naissance,Burkina Faso,2020,203
Pays ,Pays de naissance,Burkina Faso,2021,270
Pays ,Pays de naissance,Burkina Faso,2022,268
Pays ,Pays de naissance,Burkina Faso,2023,313
Pays ,Pays de naissance,Burundi,2016,545
Pays ,Pays de naissance,Burundi,2017,621
Pays ,Pays de naissance,Burundi,2018,532
Pays ,Pays de naissance,Burundi,2019,616
Pays ,Pays de naissance,Burundi,2020,568
Pays ,Pays de naissance,Burundi,2021,443
Pays ,Pays de naissance,Burundi,2022,585
Pays ,Pays de naissance,Burundi,2023,638
Pays ,Pays de naissance,Cambodge,2016,86
Pays ,Pays de naissance,Cambodge,2017,97
Pays ,Pays de naissance,Cambodge,2018,85
Pays ,Pays de naissance,Cambodge,2019,58
Pays ,Pays de naissance,Cambodge,2020,37
Pays ,Pays de naissance,Cambodge,2021,61
Pays ,Pays de naissance,Cambodge,2022,55
Pays ,Pays de naissance,Cambodge,2023,54
Pays ,Pays de naissance,Cameroun,2016,2808
Pays ,Pays de naissance,Cameroun,2017,3712
Pays ,Pays de naissance,Cameroun,2018,1842
Pays ,Pays de naissance,Cameroun,2019,1385
Pays ,Pays de naissance,Cameroun,2020,1362
Pays ,Pays de naissance,Cameroun,2021,2431
Pays ,Pays de naissance,Cameroun,2022,4713
Pays ,Pays de naissance,Cameroun,2023,11787
Pays ,Pays de naissance,Canada,2016,38
Pays ,Pays de naissance,Canada,2017,28
Pays ,Pays de naissance,Canada,2018,23
Pays ,Pays de naissance,Canada,2019,17
Pays ,Pays de naissance,Canada,2020,25
Pays ,Pays de naissance,Canada,2021,19
Pays ,Pays de naissance,Canada,2022,20
Pays ,Pays de naissance,Canada,2023,34
Pays ,Pays de naissance,Cap-Vert,2016,NULL
Pays ,Pays de naissance,Cap-Vert,2017,NULL
Pays ,Pays de naissance,Cap-Vert,2018,NULL
Pays ,Pays de naissance,Cap-Vert,2019,NULL
Pays ,Pays de naissance,Cap-Vert,2020,5
Pays ,Pays de naissance,Cap-Vert,2021,NULL
Pays ,Pays de naissance,Cap-Vert,2022,NULL
Pays ,Pays de naissance,Cap-Vert,2023,NULL
Pays ,Pays de naissance,Chili,2016,78
Pays ,Pays de naissance,Chili,2017,79
Pays ,Pays de naissance,Chili,2018,80
Pays ,Pays de naissance,Chili,2019,80
Pays ,Pays de naissance,Chili,2020,83
Pays ,Pays de naissance,Chili,2021,198
Pays ,Pays de naissance,Chili,2022,142
Pays ,Pays de naissance,Chili,2023,211
Pays ,Pays de naissance,Chine,2016,9195
Pays ,Pays de naissance,Chine,2017,6011
Pays ,Pays de naissance,Chine,2018,4958
Pays ,Pays de naissance,Chine,2019,3205
Pays ,Pays de naissance,Chine,2020,3841
Pays ,Pays de naissance,Chine,2021,3204
Pays ,Pays de naissance,Chine,2022,1818
Pays ,Pays de naissance,Chine,2023,1993
Pays ,Pays de naissance,Chypre,2016,NULL
Pays ,Pays de naissance,Chypre,2017,NULL
Pays ,Pays de naissance,Chypre,2018,9
Pays ,Pays de naissance,Chypre,2019,NULL
Pays ,Pays de naissance,Chypre,2020,NULL
Pays ,Pays de naissance,Chypre,2021,NULL
Pays ,Pays de naissance,Chypre,2022,NULL
Pays ,Pays de naissance,Chypre,2023,NULL
Pays ,Pays de naissance,Cit. brit.,2016,NULL
Pays ,Pays de naissance,Cit. brit.,2017,NULL
Pays ,Pays de naissance,Cit. brit.,2018,NULL
Pays ,Pays de naissance,Cit. brit.,2019,NULL
Pays ,Pays de naissance,Cit. brit.,2020,NULL
Pays ,Pays de naissance,Cit. brit.,2021,6
Pays ,Pays de naissance,Cit. brit.,2022,NULL
Pays ,Pays de naissance,Cit. brit.,2023,NULL
Pays ,Pays de naissance,Colombie,2016,1341
Pays ,Pays de naissance,Colombie,2017,865
Pays ,Pays de naissance,Colombie,2018,730
Pays ,Pays de naissance,Colombie,2019,736
Pays ,Pays de naissance,Colombie,2020,935
Pays ,Pays de naissance,Colombie,2021,1894
Pays ,Pays de naissance,Colombie,2022,1943
Pays ,Pays de naissance,Colombie,2023,2285
Pays ,Pays de naissance,Congo,2016,282
Pays ,Pays de naissance,Congo,2017,164
Pays ,Pays de naissance,Congo,2018,166
Pays ,Pays de naissance,Congo,2019,155
Pays ,Pays de naissance,Congo,2020,176
Pays ,Pays de naissance,Congo,2021,218
Pays ,Pays de naissance,Congo,2022,164
Pays ,Pays de naissance,Congo,2023,218
Pays ,Pays de naissance,Corée du Nord,2016,NULL
Pays ,Pays de naissance,Corée du Nord,2017,NULL
Pays ,Pays de naissance,Corée du Nord,2018,NULL
Pays ,Pays de naissance,Corée du Nord,2019,NULL
Pays ,Pays de naissance,Corée du Nord,2020,NULL
Pays ,Pays de naissance,Corée du Nord,2021,NULL
Pays ,Pays de naissance,Corée du Nord,2022,NULL
Pays ,Pays de naissance,Corée du Nord,2023,NULL
Pays ,Pays de naissance,Corée du Sud,2016,455
Pays ,Pays de naissance,Corée du Sud,2017,366
Pays ,Pays de naissance,Corée du Sud,2018,329
Pays ,Pays de naissance,Corée du Sud,2019,249
Pays ,Pays de naissance,Corée du Sud,2020,511
Pays ,Pays de naissance,Corée du Sud,2021,345
Pays ,Pays de naissance,Corée du Sud,2022,129
Pays ,Pays de naissance,Corée du Sud,2023,159
Pays ,Pays de naissance,Costa Rica,2016,58
Pays ,Pays de naissance,Costa Rica,2017,64
Pays ,Pays de naissance,Costa Rica,2018,51
Pays ,Pays de naissance,Costa Rica,2019,38
Pays ,Pays de naissance,Costa Rica,2020,34
Pays ,Pays de naissance,Costa Rica,2021,82
Pays ,Pays de naissance,Costa Rica,2022,58
Pays ,Pays de naissance,Costa Rica,2023,44
Pays ,Pays de naissance,Côte d'Ivoire,2016,1723
Pays ,Pays de naissance,Côte d'Ivoire,2017,3281
Pays ,Pays de naissance,Côte d'Ivoire,2018,1242
Pays ,Pays de naissance,Côte d'Ivoire,2019,734
Pays ,Pays de naissance,Côte d'Ivoire,2020,910
Pays ,Pays de naissance,Côte d'Ivoire,2021,1344
Pays ,Pays de naissance,Côte d'Ivoire,2022,1252
Pays ,Pays de naissance,Côte d'Ivoire,2023,1944
Pays ,Pays de naissance,Croatie,2016,28
Pays ,Pays de naissance,Croatie,2017,24
Pays ,Pays de naissance,Croatie,2018,27
Pays ,Pays de naissance,Croatie,2019,5
Pays ,Pays de naissance,Croatie,2020,NULL
Pays ,Pays de naissance,Croatie,2021,9
Pays ,Pays de naissance,Croatie,2022,7
Pays ,Pays de naissance,Croatie,2023,NULL
Pays ,Pays de naissance,Cuba,2016,434
Pays ,Pays de naissance,Cuba,2017,367
Pays ,Pays de naissance,Cuba,2018,350
Pays ,Pays de naissance,Cuba,2019,214
Pays ,Pays de naissance,Cuba,2020,394
Pays ,Pays de naissance,Cuba,2021,335
Pays ,Pays de naissance,Cuba,2022,413
Pays ,Pays de naissance,Cuba,2023,515
Pays ,Pays de naissance,Curaçao,2016,NULL
Pays ,Pays de naissance,Curaçao,2017,NULL
Pays ,Pays de naissance,Curaçao,2018,NULL
Pays ,Pays de naissance,Curaçao,2019,NULL
Pays ,Pays de naissance,Curaçao,2020,NULL
Pays ,Pays de naissance,Curaçao,2021,NULL
Pays ,Pays de naissance,Curaçao,2022,NULL
Pays ,Pays de naissance,Curaçao,2023,NULL
Pays ,Pays de naissance,Danemark,2016,6
Pays ,Pays de naissance,Danemark,2017,12
Pays ,Pays de naissance,Danemark,2018,8
Pays ,Pays de naissance,Danemark,2019,8
Pays ,Pays de naissance,Danemark,2020,14
Pays ,Pays de naissance,Danemark,2021,8
Pays ,Pays de naissance,Danemark,2022,8
Pays ,Pays de naissance,Danemark,2023,7
Pays ,Pays de naissance,Djibouti,2016,56
Pays ,Pays de naissance,Djibouti,2017,88
Pays ,Pays de naissance,Djibouti,2018,138
Pays ,Pays de naissance,Djibouti,2019,104
Pays ,Pays de naissance,Djibouti,2020,97
Pays ,Pays de naissance,Djibouti,2021,93
Pays ,Pays de naissance,Djibouti,2022,85
Pays ,Pays de naissance,Djibouti,2023,79
Pays ,Pays de naissance,Dominique,2016,6
Pays ,Pays de naissance,Dominique,2017,NULL
Pays ,Pays de naissance,Dominique,2018,NULL
Pays ,Pays de naissance,Dominique,2019,NULL
Pays ,Pays de naissance,Dominique,2020,NULL
Pays ,Pays de naissance,Dominique,2021,NULL
Pays ,Pays de naissance,Dominique,2022,NULL
Pays ,Pays de naissance,Dominique,2023,NULL
Pays ,Pays de naissance,Égypte,2016,911
Pays ,Pays de naissance,Égypte,2017,650
Pays ,Pays de naissance,Égypte,2018,568
Pays ,Pays de naissance,Égypte,2019,532
Pays ,Pays de naissance,Égypte,2020,355
Pays ,Pays de naissance,Égypte,2021,339
Pays ,Pays de naissance,Égypte,2022,285
Pays ,Pays de naissance,Égypte,2023,286
Pays ,Pays de naissance,El Salvador,2016,214
Pays ,Pays de naissance,El Salvador,2017,147
Pays ,Pays de naissance,El Salvador,2018,143
Pays ,Pays de naissance,El Salvador,2019,197
Pays ,Pays de naissance,El Salvador,2020,120
Pays ,Pays de naissance,El Salvador,2021,181
Pays ,Pays de naissance,El Salvador,2022,262
Pays ,Pays de naissance,El Salvador,2023,168
Pays ,Pays de naissance,Émirats arabes unis,2016,248
Pays ,Pays de naissance,Émirats arabes unis,2017,364
Pays ,Pays de naissance,Émirats arabes unis,2018,704
Pays ,Pays de naissance,Émirats arabes unis,2019,262
Pays ,Pays de naissance,Émirats arabes unis,2020,103
Pays ,Pays de naissance,Émirats arabes unis,2021,110
Pays ,Pays de naissance,Émirats arabes unis,2022,90
Pays ,Pays de naissance,Émirats arabes unis,2023,168
Pays ,Pays de naissance,Équateur,2016,39
Pays ,Pays de naissance,Équateur,2017,69
Pays ,Pays de naissance,Équateur,2018,57
Pays ,Pays de naissance,Équateur,2019,27
Pays ,Pays de naissance,Équateur,2020,57
Pays ,Pays de naissance,Équateur,2021,59
Pays ,Pays de naissance,Équateur,2022,79
Pays ,Pays de naissance,Équateur,2023,82
Pays ,Pays de naissance,ERREUR!,2016,NULL
Pays ,Pays de naissance,ERREUR!,2017,NULL
Pays ,Pays de naissance,ERREUR!,2018,NULL
Pays ,Pays de naissance,ERREUR!,2019,NULL
Pays ,Pays de naissance,ERREUR!,2020,NULL
Pays ,Pays de naissance,ERREUR!,2021,NULL
Pays ,Pays de naissance,ERREUR!,2022,NULL
Pays ,Pays de naissance,ERREUR!,2023,NULL
Pays ,Pays de naissance,Érythrée,2016,92
Pays ,Pays de naissance,Érythrée,2017,164
Pays ,Pays de naissance,Érythrée,2018,148
Pays ,Pays de naissance,Érythrée,2019,135
Pays ,Pays de naissance,Érythrée,2020,67
Pays ,Pays de naissance,Érythrée,2021,86
Pays ,Pays de naissance,Érythrée,2022,103
Pays ,Pays de naissance,Érythrée,2023,50
Pays ,Pays de naissance,Espagne,2016,157
Pays ,Pays de naissance,Espagne,2017,89
Pays ,Pays de naissance,Espagne,2018,111
Pays ,Pays de naissance,Espagne,2019,97
Pays ,Pays de naissance,Espagne,2020,84
Pays ,Pays de naissance,Espagne,2021,149
Pays ,Pays de naissance,Espagne,2022,83
Pays ,Pays de naissance,Espagne,2023,107
Pays ,Pays de naissance,Estonie,2016,NULL
Pays ,Pays de naissance,Estonie,2017,NULL
Pays ,Pays de naissance,Estonie,2018,5
Pays ,Pays de naissance,Estonie,2019,NULL
Pays ,Pays de naissance,Estonie,2020,NULL
Pays ,Pays de naissance,Estonie,2021,NULL
Pays ,Pays de naissance,Estonie,2022,NULL
Pays ,Pays de naissance,Estonie,2023,NULL
Pays ,Pays de naissance,États-Unis,2016,990
Pays ,Pays de naissance,États-Unis,2017,932
Pays ,Pays de naissance,États-Unis,2018,877
Pays ,Pays de naissance,États-Unis,2019,664
Pays ,Pays de naissance,États-Unis,2020,896
Pays ,Pays de naissance,États-Unis,2021,1565
Pays ,Pays de naissance,États-Unis,2022,1012
Pays ,Pays de naissance,États-Unis,2023,928
Pays ,Pays de naissance,Éthiopie,2016,34
Pays ,Pays de naissance,Éthiopie,2017,48
Pays ,Pays de naissance,Éthiopie,2018,24
Pays ,Pays de naissance,Éthiopie,2019,26
Pays ,Pays de naissance,Éthiopie,2020,22
Pays ,Pays de naissance,Éthiopie,2021,48
Pays ,Pays de naissance,Éthiopie,2022,39
Pays ,Pays de naissance,Éthiopie,2023,66
Pays ,Pays de naissance,Falkland,2016,NULL
Pays ,Pays de naissance,Falkland,2017,NULL
Pays ,Pays de naissance,Falkland,2018,NULL
Pays ,Pays de naissance,Falkland,2019,NULL
Pays ,Pays de naissance,Falkland,2020,NULL
Pays ,Pays de naissance,Falkland,2021,NULL
Pays ,Pays de naissance,Falkland,2022,NULL
Pays ,Pays de naissance,Falkland,2023,NULL
Pays ,Pays de naissance,Fidji,2016,NULL
Pays ,Pays de naissance,Fidji,2017,NULL
Pays ,Pays de naissance,Fidji,2018,NULL
Pays ,Pays de naissance,Fidji,2019,NULL
Pays ,Pays de naissance,Fidji,2020,NULL
Pays ,Pays de naissance,Fidji,2021,NULL
Pays ,Pays de naissance,Fidji,2022,NULL
Pays ,Pays de naissance,Fidji,2023,NULL
Pays ,Pays de naissance,Finlande,2016,13
Pays ,Pays de naissance,Finlande,2017,9
Pays ,Pays de naissance,Finlande,2018,16
Pays ,Pays de naissance,Finlande,2019,10
Pays ,Pays de naissance,Finlande,2020,7
Pays ,Pays de naissance,Finlande,2021,6
Pays ,Pays de naissance,Finlande,2022,7
Pays ,Pays de naissance,Finlande,2023,5
Pays ,Pays de naissance,France,2016,6060
Pays ,Pays de naissance,France,2017,5495
Pays ,Pays de naissance,France,2018,5831
Pays ,Pays de naissance,France,2019,7427
Pays ,Pays de naissance,France,2020,6923
Pays ,Pays de naissance,France,2021,10920
Pays ,Pays de naissance,France,2022,3982
Pays ,Pays de naissance,France,2023,6394
Pays ,Pays de naissance,Gabon,2016,41
Pays ,Pays de naissance,Gabon,2017,54
Pays ,Pays de naissance,Gabon,2018,37
Pays ,Pays de naissance,Gabon,2019,50
Pays ,Pays de naissance,Gabon,2020,53
Pays ,Pays de naissance,Gabon,2021,69
Pays ,Pays de naissance,Gabon,2022,81
Pays ,Pays de naissance,Gabon,2023,109
Pays ,Pays de naissance,Gambie,2016,6
Pays ,Pays de naissance,Gambie,2017,11
Pays ,Pays de naissance,Gambie,2018,NULL
Pays ,Pays de naissance,Gambie,2019,NULL
Pays ,Pays de naissance,Gambie,2020,6
Pays ,Pays de naissance,Gambie,2021,20
Pays ,Pays de naissance,Gambie,2022,21
Pays ,Pays de naissance,Gambie,2023,29
Pays ,Pays de naissance,Géorgie,2016,18
Pays ,Pays de naissance,Géorgie,2017,13
Pays ,Pays de naissance,Géorgie,2018,11
Pays ,Pays de naissance,Géorgie,2019,7
Pays ,Pays de naissance,Géorgie,2020,6
Pays ,Pays de naissance,Géorgie,2021,15
Pays ,Pays de naissance,Géorgie,2022,6
Pays ,Pays de naissance,Géorgie,2023,NULL
Pays ,Pays de naissance,Ghana,2016,91
Pays ,Pays de naissance,Ghana,2017,67
Pays ,Pays de naissance,Ghana,2018,62
Pays ,Pays de naissance,Ghana,2019,42
Pays ,Pays de naissance,Ghana,2020,55
Pays ,Pays de naissance,Ghana,2021,86
Pays ,Pays de naissance,Ghana,2022,90
Pays ,Pays de naissance,Ghana,2023,111
Pays ,Pays de naissance,Gibraltar,2016,NULL
Pays ,Pays de naissance,Gibraltar,2017,NULL
Pays ,Pays de naissance,Gibraltar,2018,NULL
Pays ,Pays de naissance,Gibraltar,2019,NULL
Pays ,Pays de naissance,Gibraltar,2020,NULL
Pays ,Pays de naissance,Gibraltar,2021,NULL
Pays ,Pays de naissance,Gibraltar,2022,NULL
Pays ,Pays de naissance,Gibraltar,2023,NULL
Pays ,Pays de naissance,Grèce,2016,70
Pays ,Pays de naissance,Grèce,2017,61
Pays ,Pays de naissance,Grèce,2018,46
Pays ,Pays de naissance,Grèce,2019,45
Pays ,Pays de naissance,Grèce,2020,63
Pays ,Pays de naissance,Grèce,2021,43
Pays ,Pays de naissance,Grèce,2022,28
Pays ,Pays de naissance,Grèce,2023,29
Pays ,Pays de naissance,Grenade,2016,17
Pays ,Pays de naissance,Grenade,2017,10
Pays ,Pays de naissance,Grenade,2018,7
Pays ,Pays de naissance,Grenade,2019,7
Pays ,Pays de naissance,Grenade,2020,8
Pays ,Pays de naissance,Grenade,2021,6
Pays ,Pays de naissance,Grenade,2022,9
Pays ,Pays de naissance,Grenade,2023,11
Pays ,Pays de naissance,Guadeloupe,2016,34
Pays ,Pays de naissance,Guadeloupe,2017,38
Pays ,Pays de naissance,Guadeloupe,2018,46
Pays ,Pays de naissance,Guadeloupe,2019,51
Pays ,Pays de naissance,Guadeloupe,2020,48
Pays ,Pays de naissance,Guadeloupe,2021,59
Pays ,Pays de naissance,Guadeloupe,2022,31
Pays ,Pays de naissance,Guadeloupe,2023,45
Pays ,Pays de naissance,Guatemala,2016,100
Pays ,Pays de naissance,Guatemala,2017,91
Pays ,Pays de naissance,Guatemala,2018,79
Pays ,Pays de naissance,Guatemala,2019,87
Pays ,Pays de naissance,Guatemala,2020,94
Pays ,Pays de naissance,Guatemala,2021,103
Pays ,Pays de naissance,Guatemala,2022,122
Pays ,Pays de naissance,Guatemala,2023,107
Pays ,Pays de naissance,Guinée,2016,291
Pays ,Pays de naissance,Guinée,2017,324
Pays ,Pays de naissance,Guinée,2018,254
Pays ,Pays de naissance,Guinée,2019,281
Pays ,Pays de naissance,Guinée,2020,292
Pays ,Pays de naissance,Guinée,2021,401
Pays ,Pays de naissance,Guinée,2022,400
Pays ,Pays de naissance,Guinée,2023,486
Pays ,Pays de naissance,Guinée équatoriale,2016,NULL
Pays ,Pays de naissance,Guinée équatoriale,2017,NULL
Pays ,Pays de naissance,Guinée équatoriale,2018,NULL
Pays ,Pays de naissance,Guinée équatoriale,2019,NULL
Pays ,Pays de naissance,Guinée équatoriale,2020,NULL
Pays ,Pays de naissance,Guinée équatoriale,2021,NULL
Pays ,Pays de naissance,Guinée équatoriale,2022,NULL
Pays ,Pays de naissance,Guinée équatoriale,2023,NULL
Pays ,Pays de naissance,Guinée-Bissau,2016,NULL
Pays ,Pays de naissance,Guinée-Bissau,2017,NULL
Pays ,Pays de naissance,Guinée-Bissau,2018,NULL
Pays ,Pays de naissance,Guinée-Bissau,2019,NULL
Pays ,Pays de naissance,Guinée-Bissau,2020,NULL
Pays ,Pays de naissance,Guinée-Bissau,2021,6
Pays ,Pays de naissance,Guinée-Bissau,2022,NULL
Pays ,Pays de naissance,Guinée-Bissau,2023,NULL
Pays ,Pays de naissance,Guyana,2016,10
Pays ,Pays de naissance,Guyana,2017,6
Pays ,Pays de naissance,Guyana,2018,12
Pays ,Pays de naissance,Guyana,2019,5
Pays ,Pays de naissance,Guyana,2020,8
Pays ,Pays de naissance,Guyana,2021,11
Pays ,Pays de naissance,Guyana,2022,6
Pays ,Pays de naissance,Guyana,2023,9
Pays ,Pays de naissance,Guyane française,2016,7
Pays ,Pays de naissance,Guyane française,2017,7
Pays ,Pays de naissance,Guyane française,2018,NULL
Pays ,Pays de naissance,Guyane française,2019,9
Pays ,Pays de naissance,Guyane française,2020,8
Pays ,Pays de naissance,Guyane française,2021,17
Pays ,Pays de naissance,Guyane française,2022,9
Pays ,Pays de naissance,Guyane française,2023,16
Pays ,Pays de naissance,Haïti,2016,2122
Pays ,Pays de naissance,Haïti,2017,1366
Pays ,Pays de naissance,Haïti,2018,1822
Pays ,Pays de naissance,Haïti,2019,2507
Pays ,Pays de naissance,Haïti,2020,2187
Pays ,Pays de naissance,Haïti,2021,4649
Pays ,Pays de naissance,Haïti,2022,3690
Pays ,Pays de naissance,Haïti,2023,4114
Pays ,Pays de naissance,Honduras,2016,85
Pays ,Pays de naissance,Honduras,2017,59
Pays ,Pays de naissance,Honduras,2018,50
Pays ,Pays de naissance,Honduras,2019,73
Pays ,Pays de naissance,Honduras,2020,66
Pays ,Pays de naissance,Honduras,2021,94
Pays ,Pays de naissance,Honduras,2022,111
Pays ,Pays de naissance,Honduras,2023,138
Pays ,Pays de naissance,Hong Kong,2016,143
Pays ,Pays de naissance,Hong Kong,2017,216
Pays ,Pays de naissance,Hong Kong,2018,182
Pays ,Pays de naissance,Hong Kong,2019,125
Pays ,Pays de naissance,Hong Kong,2020,65
Pays ,Pays de naissance,Hong Kong,2021,71
Pays ,Pays de naissance,Hong Kong,2022,37
Pays ,Pays de naissance,Hong Kong,2023,36
Pays ,Pays de naissance,Hongrie,2016,51
Pays ,Pays de naissance,Hongrie,2017,36
Pays ,Pays de naissance,Hongrie,2018,31
Pays ,Pays de naissance,Hongrie,2019,17
Pays ,Pays de naissance,Hongrie,2020,31
Pays ,Pays de naissance,Hongrie,2021,23
Pays ,Pays de naissance,Hongrie,2022,16
Pays ,Pays de naissance,Hongrie,2023,29
Pays ,Pays de naissance,Île de Noël,2016,NULL
Pays ,Pays de naissance,Île de Noël,2017,NULL
Pays ,Pays de naissance,Île de Noël,2018,NULL
Pays ,Pays de naissance,Île de Noël,2019,NULL
Pays ,Pays de naissance,Île de Noël,2020,NULL
Pays ,Pays de naissance,Île de Noël,2021,NULL
Pays ,Pays de naissance,Île de Noël,2022,NULL
Pays ,Pays de naissance,Île de Noël,2023,5
Pays ,Pays de naissance,Îles Caïmanes,2016,NULL
Pays ,Pays de naissance,Îles Caïmanes,2017,NULL
Pays ,Pays de naissance,Îles Caïmanes,2018,NULL
Pays ,Pays de naissance,Îles Caïmanes,2019,NULL
Pays ,Pays de naissance,Îles Caïmanes,2020,NULL
Pays ,Pays de naissance,Îles Caïmanes,2021,NULL
Pays ,Pays de naissance,Îles Caïmanes,2022,NULL
Pays ,Pays de naissance,Îles Caïmanes,2023,NULL
Pays ,Pays de naissance,Îles Comores,2016,6
Pays ,Pays de naissance,Îles Comores,2017,6
Pays ,Pays de naissance,Îles Comores,2018,7
Pays ,Pays de naissance,Îles Comores,2019,9
Pays ,Pays de naissance,Îles Comores,2020,14
Pays ,Pays de naissance,Îles Comores,2021,16
Pays ,Pays de naissance,Îles Comores,2022,13
Pays ,Pays de naissance,Îles Comores,2023,12
Pays ,Pays de naissance,Îles du Pacifique,2016,NULL
Pays ,Pays de naissance,Îles du Pacifique,2017,NULL
Pays ,Pays de naissance,Îles du Pacifique,2018,NULL
Pays ,Pays de naissance,Îles du Pacifique,2019,NULL
Pays ,Pays de naissance,Îles du Pacifique,2020,NULL
Pays ,Pays de naissance,Îles du Pacifique,2021,NULL
Pays ,Pays de naissance,Îles du Pacifique,2022,NULL
Pays ,Pays de naissance,Îles du Pacifique,2023,NULL
Pays ,Pays de naissance,Îles Mariannes du Nord,2016,NULL
Pays ,Pays de naissance,Îles Mariannes du Nord,2017,NULL
Pays ,Pays de naissance,Îles Mariannes du Nord,2018,NULL
Pays ,Pays de naissance,Îles Mariannes du Nord,2019,NULL
Pays ,Pays de naissance,Îles Mariannes du Nord,2020,NULL
Pays ,Pays de naissance,Îles Mariannes du Nord,2021,NULL
Pays ,Pays de naissance,Îles Mariannes du Nord,2022,NULL
Pays ,Pays de naissance,Îles Mariannes du Nord,2023,NULL
Pays ,Pays de naissance,Îles Marshall,2016,NULL
Pays ,Pays de naissance,Îles Marshall,2017,NULL
Pays ,Pays de naissance,Îles Marshall,2018,NULL
Pays ,Pays de naissance,Îles Marshall,2019,NULL
Pays ,Pays de naissance,Îles Marshall,2020,NULL
Pays ,Pays de naissance,Îles Marshall,2021,NULL
Pays ,Pays de naissance,Îles Marshall,2022,NULL
Pays ,Pays de naissance,Îles Marshall,2023,NULL
Pays ,Pays de naissance,Îles Salomon,2016,NULL
Pays ,Pays de naissance,Îles Salomon,2017,NULL
Pays ,Pays de naissance,Îles Salomon,2018,7
Pays ,Pays de naissance,Îles Salomon,2019,NULL
Pays ,Pays de naissance,Îles Salomon,2020,NULL
Pays ,Pays de naissance,Îles Salomon,2021,NULL
Pays ,Pays de naissance,Îles Salomon,2022,NULL
Pays ,Pays de naissance,Îles Salomon,2023,NULL
Pays ,Pays de naissance,Îles Turques et Caïques,2016,NULL
Pays ,Pays de naissance,Îles Turques et Caïques,2017,NULL
Pays ,Pays de naissance,Îles Turques et Caïques,2018,NULL
Pays ,Pays de naissance,Îles Turques et Caïques,2019,NULL
Pays ,Pays de naissance,Îles Turques et Caïques,2020,NULL
Pays ,Pays de naissance,Îles Turques et Caïques,2021,NULL
Pays ,Pays de naissance,Îles Turques et Caïques,2022,NULL
Pays ,Pays de naissance,Îles Turques et Caïques,2023,NULL
Pays ,Pays de naissance,Îles Vierges américaines,2016,NULL
Pays ,Pays de naissance,Îles Vierges américaines,2017,NULL
Pays ,Pays de naissance,Îles Vierges américaines,2018,NULL
Pays ,Pays de naissance,Îles Vierges américaines,2019,NULL
Pays ,Pays de naissance,Îles Vierges américaines,2020,NULL
Pays ,Pays de naissance,Îles Vierges américaines,2021,NULL
Pays ,Pays de naissance,Îles Vierges américaines,2022,NULL
Pays ,Pays de naissance,Îles Vierges américaines,2023,NULL
Pays ,Pays de naissance,Inde,2016,6825
Pays ,Pays de naissance,Inde,2017,2688
Pays ,Pays de naissance,Inde,2018,1679
Pays ,Pays de naissance,Inde,2019,1081
Pays ,Pays de naissance,Inde,2020,1608
Pays ,Pays de naissance,Inde,2021,1366
Pays ,Pays de naissance,Inde,2022,2433
Pays ,Pays de naissance,Inde,2023,2507
Pays ,Pays de naissance,Indonésie,2016,43
Pays ,Pays de naissance,Indonésie,2017,44
Pays ,Pays de naissance,Indonésie,2018,35
Pays ,Pays de naissance,Indonésie,2019,37
Pays ,Pays de naissance,Indonésie,2020,41
Pays ,Pays de naissance,Indonésie,2021,42
Pays ,Pays de naissance,Indonésie,2022,43
Pays ,Pays de naissance,Indonésie,2023,62
Pays ,Pays de naissance,Iran,2016,2066
Pays ,Pays de naissance,Iran,2017,1277
Pays ,Pays de naissance,Iran,2018,1513
Pays ,Pays de naissance,Iran,2019,977
Pays ,Pays de naissance,Iran,2020,1056
Pays ,Pays de naissance,Iran,2021,1089
Pays ,Pays de naissance,Iran,2022,1053
Pays ,Pays de naissance,Iran,2023,1388
Pays ,Pays de naissance,Iraq,2016,217
Pays ,Pays de naissance,Iraq,2017,276
Pays ,Pays de naissance,Iraq,2018,366
Pays ,Pays de naissance,Iraq,2019,230
Pays ,Pays de naissance,Iraq,2020,87
Pays ,Pays de naissance,Iraq,2021,60
Pays ,Pays de naissance,Iraq,2022,119
Pays ,Pays de naissance,Iraq,2023,83
Pays ,Pays de naissance,Irlande,2016,46
Pays ,Pays de naissance,Irlande,2017,23
Pays ,Pays de naissance,Irlande,2018,17
Pays ,Pays de naissance,Irlande,2019,13
Pays ,Pays de naissance,Irlande,2020,26
Pays ,Pays de naissance,Irlande,2021,31
Pays ,Pays de naissance,Irlande,2022,14
Pays ,Pays de naissance,Irlande,2023,17
Pays ,Pays de naissance,Islande,2016,NULL
Pays ,Pays de naissance,Islande,2017,NULL
Pays ,Pays de naissance,Islande,2018,6
Pays ,Pays de naissance,Islande,2019,NULL
Pays ,Pays de naissance,Islande,2020,NULL
Pays ,Pays de naissance,Islande,2021,NULL
Pays ,Pays de naissance,Islande,2022,NULL
Pays ,Pays de naissance,Islande,2023,5
Pays ,Pays de naissance,Israël,2016,238
Pays ,Pays de naissance,Israël,2017,44
Pays ,Pays de naissance,Israël,2018,81
Pays ,Pays de naissance,Israël,2019,44
Pays ,Pays de naissance,Israël,2020,52
Pays ,Pays de naissance,Israël,2021,45
Pays ,Pays de naissance,Israël,2022,56
Pays ,Pays de naissance,Israël,2023,55
Pays ,Pays de naissance,Italie,2016,207
Pays ,Pays de naissance,Italie,2017,163
Pays ,Pays de naissance,Italie,2018,156
Pays ,Pays de naissance,Italie,2019,130
Pays ,Pays de naissance,Italie,2020,108
Pays ,Pays de naissance,Italie,2021,172
Pays ,Pays de naissance,Italie,2022,96
Pays ,Pays de naissance,Italie,2023,111
Pays ,Pays de naissance,Jamaïque,2016,86
Pays ,Pays de naissance,Jamaïque,2017,53
Pays ,Pays de naissance,Jamaïque,2018,53
Pays ,Pays de naissance,Jamaïque,2019,52
Pays ,Pays de naissance,Jamaïque,2020,39
Pays ,Pays de naissance,Jamaïque,2021,51
Pays ,Pays de naissance,Jamaïque,2022,49
Pays ,Pays de naissance,Jamaïque,2023,37
Pays ,Pays de naissance,Japon,2016,112
Pays ,Pays de naissance,Japon,2017,93
Pays ,Pays de naissance,Japon,2018,81
Pays ,Pays de naissance,Japon,2019,55
Pays ,Pays de naissance,Japon,2020,84
Pays ,Pays de naissance,Japon,2021,87
Pays ,Pays de naissance,Japon,2022,57
Pays ,Pays de naissance,Japon,2023,60
Pays ,Pays de naissance,"Jersey, Bailliage de",2016,NULL
Pays ,Pays de naissance,"Jersey, Bailliage de",2017,NULL
Pays ,Pays de naissance,"Jersey, Bailliage de",2018,NULL
Pays ,Pays de naissance,"Jersey, Bailliage de",2019,NULL
Pays ,Pays de naissance,"Jersey, Bailliage de",2020,NULL
Pays ,Pays de naissance,"Jersey, Bailliage de",2021,NULL
Pays ,Pays de naissance,"Jersey, Bailliage de",2022,NULL
Pays ,Pays de naissance,"Jersey, Bailliage de",2023,NULL
Pays ,Pays de naissance,Jordanie,2016,238
Pays ,Pays de naissance,Jordanie,2017,95
Pays ,Pays de naissance,Jordanie,2018,161
Pays ,Pays de naissance,Jordanie,2019,106
Pays ,Pays de naissance,Jordanie,2020,73
Pays ,Pays de naissance,Jordanie,2021,87
Pays ,Pays de naissance,Jordanie,2022,78
Pays ,Pays de naissance,Jordanie,2023,63
Pays ,Pays de naissance,Kazakhstan,2016,64
Pays ,Pays de naissance,Kazakhstan,2017,59
Pays ,Pays de naissance,Kazakhstan,2018,36
Pays ,Pays de naissance,Kazakhstan,2019,25
Pays ,Pays de naissance,Kazakhstan,2020,19
Pays ,Pays de naissance,Kazakhstan,2021,25
Pays ,Pays de naissance,Kazakhstan,2022,15
Pays ,Pays de naissance,Kazakhstan,2023,34
Pays ,Pays de naissance,Kenya,2016,25
Pays ,Pays de naissance,Kenya,2017,39
Pays ,Pays de naissance,Kenya,2018,23
Pays ,Pays de naissance,Kenya,2019,20
Pays ,Pays de naissance,Kenya,2020,27
Pays ,Pays de naissance,Kenya,2021,40
Pays ,Pays de naissance,Kenya,2022,40
Pays ,Pays de naissance,Kenya,2023,43
Pays ,Pays de naissance,Kirghizistan,2016,50
Pays ,Pays de naissance,Kirghizistan,2017,21
Pays ,Pays de naissance,Kirghizistan,2018,28
Pays ,Pays de naissance,Kirghizistan,2019,7
Pays ,Pays de naissance,Kirghizistan,2020,19
Pays ,Pays de naissance,Kirghizistan,2021,5
Pays ,Pays de naissance,Kirghizistan,2022,18
Pays ,Pays de naissance,Kirghizistan,2023,6
Pays ,Pays de naissance,Kosovo,2016,10
Pays ,Pays de naissance,Kosovo,2017,13
Pays ,Pays de naissance,Kosovo,2018,12
Pays ,Pays de naissance,Kosovo,2019,12
Pays ,Pays de naissance,Kosovo,2020,13
Pays ,Pays de naissance,Kosovo,2021,20
Pays ,Pays de naissance,Kosovo,2022,6
Pays ,Pays de naissance,Kosovo,2023,7
Pays ,Pays de naissance,Koweït,2016,124
Pays ,Pays de naissance,Koweït,2017,107
Pays ,Pays de naissance,Koweït,2018,229
Pays ,Pays de naissance,Koweït,2019,91
Pays ,Pays de naissance,Koweït,2020,68
Pays ,Pays de naissance,Koweït,2021,77
Pays ,Pays de naissance,Koweït,2022,47
Pays ,Pays de naissance,Koweït,2023,32
Pays ,Pays de naissance,Laos,2016,11
Pays ,Pays de naissance,Laos,2017,NULL
Pays ,Pays de naissance,Laos,2018,6
Pays ,Pays de naissance,Laos,2019,5
Pays ,Pays de naissance,Laos,2020,NULL
Pays ,Pays de naissance,Laos,2021,NULL
Pays ,Pays de naissance,Laos,2022,NULL
Pays ,Pays de naissance,Laos,2023,9
Pays ,Pays de naissance,Lesotho,2016,NULL
Pays ,Pays de naissance,Lesotho,2017,NULL
Pays ,Pays de naissance,Lesotho,2018,NULL
Pays ,Pays de naissance,Lesotho,2019,NULL
Pays ,Pays de naissance,Lesotho,2020,NULL
Pays ,Pays de naissance,Lesotho,2021,NULL
Pays ,Pays de naissance,Lesotho,2022,NULL
Pays ,Pays de naissance,Lesotho,2023,NULL
Pays ,Pays de naissance,Lettonie,2016,16
Pays ,Pays de naissance,Lettonie,2017,6
Pays ,Pays de naissance,Lettonie,2018,11
Pays ,Pays de naissance,Lettonie,2019,NULL
Pays ,Pays de naissance,Lettonie,2020,NULL
Pays ,Pays de naissance,Lettonie,2021,8
Pays ,Pays de naissance,Lettonie,2022,9
Pays ,Pays de naissance,Lettonie,2023,NULL
Pays ,Pays de naissance,Liban,2016,902
Pays ,Pays de naissance,Liban,2017,808
Pays ,Pays de naissance,Liban,2018,952
Pays ,Pays de naissance,Liban,2019,565
Pays ,Pays de naissance,Liban,2020,576
Pays ,Pays de naissance,Liban,2021,893
Pays ,Pays de naissance,Liban,2022,1451
Pays ,Pays de naissance,Liban,2023,1269
Pays ,Pays de naissance,Libéria,2016,14
Pays ,Pays de naissance,Libéria,2017,5
Pays ,Pays de naissance,Libéria,2018,6
Pays ,Pays de naissance,Libéria,2019,NULL
Pays ,Pays de naissance,Libéria,2020,NULL
Pays ,Pays de naissance,Libéria,2021,29
Pays ,Pays de naissance,Libéria,2022,27
Pays ,Pays de naissance,Libéria,2023,47
Pays ,Pays de naissance,Libye,2016,156
Pays ,Pays de naissance,Libye,2017,87
Pays ,Pays de naissance,Libye,2018,81
Pays ,Pays de naissance,Libye,2019,121
Pays ,Pays de naissance,Libye,2020,102
Pays ,Pays de naissance,Libye,2021,132
Pays ,Pays de naissance,Libye,2022,125
Pays ,Pays de naissance,Libye,2023,98
Pays ,Pays de naissance,Lituanie,2016,12
Pays ,Pays de naissance,Lituanie,2017,9
Pays ,Pays de naissance,Lituanie,2018,7
Pays ,Pays de naissance,Lituanie,2019,10
Pays ,Pays de naissance,Lituanie,2020,NULL
Pays ,Pays de naissance,Lituanie,2021,14
Pays ,Pays de naissance,Lituanie,2022,8
Pays ,Pays de naissance,Lituanie,2023,5
Pays ,Pays de naissance,Luxembourg,2016,7
Pays ,Pays de naissance,Luxembourg,2017,7
Pays ,Pays de naissance,Luxembourg,2018,8
Pays ,Pays de naissance,Luxembourg,2019,NULL
Pays ,Pays de naissance,Luxembourg,2020,9
Pays ,Pays de naissance,Luxembourg,2021,14
Pays ,Pays de naissance,Luxembourg,2022,8
Pays ,Pays de naissance,Luxembourg,2023,10
Pays ,Pays de naissance,Macao,2016,NULL
Pays ,Pays de naissance,Macao,2017,NULL
Pays ,Pays de naissance,Macao,2018,NULL
Pays ,Pays de naissance,Macao,2019,NULL
Pays ,Pays de naissance,Macao,2020,6
Pays ,Pays de naissance,Macao,2021,NULL
Pays ,Pays de naissance,Macao,2022,NULL
Pays ,Pays de naissance,Macao,2023,NULL
Pays ,Pays de naissance,Macédoine,2016,NULL
Pays ,Pays de naissance,Macédoine,2017,NULL
Pays ,Pays de naissance,Macédoine,2018,NULL
Pays ,Pays de naissance,Macédoine,2019,NULL
Pays ,Pays de naissance,Macédoine,2020,NULL
Pays ,Pays de naissance,Macédoine,2021,13
Pays ,Pays de naissance,Macédoine,2022,6
Pays ,Pays de naissance,Macédoine,2023,NULL
Pays ,Pays de naissance,Madagascar,2016,123
Pays ,Pays de naissance,Madagascar,2017,186
Pays ,Pays de naissance,Madagascar,2018,139
Pays ,Pays de naissance,Madagascar,2019,159
Pays ,Pays de naissance,Madagascar,2020,165
Pays ,Pays de naissance,Madagascar,2021,218
Pays ,Pays de naissance,Madagascar,2022,227
Pays ,Pays de naissance,Madagascar,2023,562
Pays ,Pays de naissance,Malaisie,2016,26
Pays ,Pays de naissance,Malaisie,2017,29
Pays ,Pays de naissance,Malaisie,2018,14
Pays ,Pays de naissance,Malaisie,2019,21
Pays ,Pays de naissance,Malaisie,2020,13
Pays ,Pays de naissance,Malaisie,2021,20
Pays ,Pays de naissance,Malaisie,2022,13
Pays ,Pays de naissance,Malaisie,2023,23
Pays ,Pays de naissance,Malawi,2016,8
Pays ,Pays de naissance,Malawi,2017,NULL
Pays ,Pays de naissance,Malawi,2018,16
Pays ,Pays de naissance,Malawi,2019,23
Pays ,Pays de naissance,Malawi,2020,NULL
Pays ,Pays de naissance,Malawi,2021,35
Pays ,Pays de naissance,Malawi,2022,27
Pays ,Pays de naissance,Malawi,2023,13
Pays ,Pays de naissance,Maldives,2016,NULL
Pays ,Pays de naissance,Maldives,2017,NULL
Pays ,Pays de naissance,Maldives,2018,NULL
Pays ,Pays de naissance,Maldives,2019,NULL
Pays ,Pays de naissance,Maldives,2020,NULL
Pays ,Pays de naissance,Maldives,2021,NULL
Pays ,Pays de naissance,Maldives,2022,NULL
Pays ,Pays de naissance,Maldives,2023,NULL
Pays ,Pays de naissance,Mali,2016,188
Pays ,Pays de naissance,Mali,2017,218
Pays ,Pays de naissance,Mali,2018,198
Pays ,Pays de naissance,Mali,2019,153
Pays ,Pays de naissance,Mali,2020,152
Pays ,Pays de naissance,Mali,2021,228
Pays ,Pays de naissance,Mali,2022,173
Pays ,Pays de naissance,Mali,2023,285
Pays ,Pays de naissance,Malte,2016,NULL
Pays ,Pays de naissance,Malte,2017,NULL
Pays ,Pays de naissance,Malte,2018,NULL
Pays ,Pays de naissance,Malte,2019,NULL
Pays ,Pays de naissance,Malte,2020,NULL
Pays ,Pays de naissance,Malte,2021,NULL
Pays ,Pays de naissance,Malte,2022,NULL
Pays ,Pays de naissance,Malte,2023,NULL
Pays ,Pays de naissance,Maroc,2016,2646
Pays ,Pays de naissance,Maroc,2017,2655
Pays ,Pays de naissance,Maroc,2018,2996
Pays ,Pays de naissance,Maroc,2019,1588
Pays ,Pays de naissance,Maroc,2020,2036
Pays ,Pays de naissance,Maroc,2021,2587
Pays ,Pays de naissance,Maroc,2022,2214
Pays ,Pays de naissance,Maroc,2023,3212
Pays ,Pays de naissance,Martinique,2016,23
Pays ,Pays de naissance,Martinique,2017,42
Pays ,Pays de naissance,Martinique,2018,34
Pays ,Pays de naissance,Martinique,2019,49
Pays ,Pays de naissance,Martinique,2020,51
Pays ,Pays de naissance,Martinique,2021,48
Pays ,Pays de naissance,Martinique,2022,21
Pays ,Pays de naissance,Martinique,2023,29
Pays ,Pays de naissance,Maurice,2016,319
Pays ,Pays de naissance,Maurice,2017,511
Pays ,Pays de naissance,Maurice,2018,135
Pays ,Pays de naissance,Maurice,2019,246
Pays ,Pays de naissance,Maurice,2020,237
Pays ,Pays de naissance,Maurice,2021,249
Pays ,Pays de naissance,Maurice,2022,192
Pays ,Pays de naissance,Maurice,2023,528
Pays ,Pays de naissance,Mauritanie,2016,62
Pays ,Pays de naissance,Mauritanie,2017,49
Pays ,Pays de naissance,Mauritanie,2018,64
Pays ,Pays de naissance,Mauritanie,2019,44
Pays ,Pays de naissance,Mauritanie,2020,74
Pays ,Pays de naissance,Mauritanie,2021,119
Pays ,Pays de naissance,Mauritanie,2022,85
Pays ,Pays de naissance,Mauritanie,2023,79
Pays ,Pays de naissance,Mayotte,2016,NULL
Pays ,Pays de naissance,Mayotte,2017,NULL
Pays ,Pays de naissance,Mayotte,2018,NULL
Pays ,Pays de naissance,Mayotte,2019,NULL
Pays ,Pays de naissance,Mayotte,2020,NULL
Pays ,Pays de naissance,Mayotte,2021,NULL
Pays ,Pays de naissance,Mayotte,2022,NULL
Pays ,Pays de naissance,Mayotte,2023,5
Pays ,Pays de naissance,Mexique,2016,664
Pays ,Pays de naissance,Mexique,2017,499
Pays ,Pays de naissance,Mexique,2018,512
Pays ,Pays de naissance,Mexique,2019,714
Pays ,Pays de naissance,Mexique,2020,945
Pays ,Pays de naissance,Mexique,2021,1566
Pays ,Pays de naissance,Mexique,2022,1429
Pays ,Pays de naissance,Mexique,2023,1936
Pays ,Pays de naissance,Micronésie,2016,NULL
Pays ,Pays de naissance,Micronésie,2017,NULL
Pays ,Pays de naissance,Micronésie,2018,NULL
Pays ,Pays de naissance,Micronésie,2019,NULL
Pays ,Pays de naissance,Micronésie,2020,NULL
Pays ,Pays de naissance,Micronésie,2021,NULL
Pays ,Pays de naissance,Micronésie,2022,NULL
Pays ,Pays de naissance,Micronésie,2023,NULL
Pays ,Pays de naissance,Moldova,2016,466
Pays ,Pays de naissance,Moldova,2017,165
Pays ,Pays de naissance,Moldova,2018,145
Pays ,Pays de naissance,Moldova,2019,93
Pays ,Pays de naissance,Moldova,2020,122
Pays ,Pays de naissance,Moldova,2021,102
Pays ,Pays de naissance,Moldova,2022,119
Pays ,Pays de naissance,Moldova,2023,101
Pays ,Pays de naissance,Monaco,2016,6
Pays ,Pays de naissance,Monaco,2017,8
Pays ,Pays de naissance,Monaco,2018,NULL
Pays ,Pays de naissance,Monaco,2019,17
Pays ,Pays de naissance,Monaco,2020,6
Pays ,Pays de naissance,Monaco,2021,20
Pays ,Pays de naissance,Monaco,2022,5
Pays ,Pays de naissance,Monaco,2023,10
Pays ,Pays de naissance,Mongolie,2016,6
Pays ,Pays de naissance,Mongolie,2017,18
Pays ,Pays de naissance,Mongolie,2018,5
Pays ,Pays de naissance,Mongolie,2019,8
Pays ,Pays de naissance,Mongolie,2020,12
Pays ,Pays de naissance,Mongolie,2021,6
Pays ,Pays de naissance,Mongolie,2022,14
Pays ,Pays de naissance,Mongolie,2023,NULL
Pays ,Pays de naissance,Monténégro,2016,NULL
Pays ,Pays de naissance,Monténégro,2017,5
Pays ,Pays de naissance,Monténégro,2018,NULL
Pays ,Pays de naissance,Monténégro,2019,NULL
Pays ,Pays de naissance,Monténégro,2020,NULL
Pays ,Pays de naissance,Monténégro,2021,NULL
Pays ,Pays de naissance,Monténégro,2022,NULL
Pays ,Pays de naissance,Monténégro,2023,NULL
Pays ,Pays de naissance,Mozambique,2016,6
Pays ,Pays de naissance,Mozambique,2017,6
Pays ,Pays de naissance,Mozambique,2018,13
Pays ,Pays de naissance,Mozambique,2019,6
Pays ,Pays de naissance,Mozambique,2020,NULL
Pays ,Pays de naissance,Mozambique,2021,NULL
Pays ,Pays de naissance,Mozambique,2022,NULL
Pays ,Pays de naissance,Mozambique,2023,NULL
Pays ,Pays de naissance,Myanmar,2016,16
Pays ,Pays de naissance,Myanmar,2017,11
Pays ,Pays de naissance,Myanmar,2018,NULL
Pays ,Pays de naissance,Myanmar,2019,NULL
Pays ,Pays de naissance,Myanmar,2020,5
Pays ,Pays de naissance,Myanmar,2021,10
Pays ,Pays de naissance,Myanmar,2022,7
Pays ,Pays de naissance,Myanmar,2023,28
Pays ,Pays de naissance,Namibie,2016,NULL
Pays ,Pays de naissance,Namibie,2017,5
Pays ,Pays de naissance,Namibie,2018,14
Pays ,Pays de naissance,Namibie,2019,NULL
Pays ,Pays de naissance,Namibie,2020,NULL
Pays ,Pays de naissance,Namibie,2021,11
Pays ,Pays de naissance,Namibie,2022,7
Pays ,Pays de naissance,Namibie,2023,7
Pays ,Pays de naissance,Népal,2016,893
Pays ,Pays de naissance,Népal,2017,99
Pays ,Pays de naissance,Népal,2018,60
Pays ,Pays de naissance,Népal,2019,31
Pays ,Pays de naissance,Népal,2020,40
Pays ,Pays de naissance,Népal,2021,17
Pays ,Pays de naissance,Népal,2022,13
Pays ,Pays de naissance,Népal,2023,14
Pays ,Pays de naissance,Nicaragua,2016,25
Pays ,Pays de naissance,Nicaragua,2017,32
Pays ,Pays de naissance,Nicaragua,2018,30
Pays ,Pays de naissance,Nicaragua,2019,35
Pays ,Pays de naissance,Nicaragua,2020,40
Pays ,Pays de naissance,Nicaragua,2021,212
Pays ,Pays de naissance,Nicaragua,2022,92
Pays ,Pays de naissance,Nicaragua,2023,173
Pays ,Pays de naissance,Niger,2016,87
Pays ,Pays de naissance,Niger,2017,55
Pays ,Pays de naissance,Niger,2018,68
Pays ,Pays de naissance,Niger,2019,51
Pays ,Pays de naissance,Niger,2020,59
Pays ,Pays de naissance,Niger,2021,68
Pays ,Pays de naissance,Niger,2022,43
Pays ,Pays de naissance,Niger,2023,85
Pays ,Pays de naissance,Nigéria,2016,241
Pays ,Pays de naissance,Nigéria,2017,261
Pays ,Pays de naissance,Nigéria,2018,233
Pays ,Pays de naissance,Nigéria,2019,406
Pays ,Pays de naissance,Nigéria,2020,377
Pays ,Pays de naissance,Nigéria,2021,1140
Pays ,Pays de naissance,Nigéria,2022,583
Pays ,Pays de naissance,Nigéria,2023,472
Pays ,Pays de naissance,Norvège,2016,NULL
Pays ,Pays de naissance,Norvège,2017,9
Pays ,Pays de naissance,Norvège,2018,7
Pays ,Pays de naissance,Norvège,2019,6
Pays ,Pays de naissance,Norvège,2020,NULL
Pays ,Pays de naissance,Norvège,2021,7
Pays ,Pays de naissance,Norvège,2022,6
Pays ,Pays de naissance,Norvège,2023,NULL
Pays ,Pays de naissance,Nouvelle-Calédonie,2016,7
Pays ,Pays de naissance,Nouvelle-Calédonie,2017,14
Pays ,Pays de naissance,Nouvelle-Calédonie,2018,26
Pays ,Pays de naissance,Nouvelle-Calédonie,2019,27
Pays ,Pays de naissance,Nouvelle-Calédonie,2020,32
Pays ,Pays de naissance,Nouvelle-Calédonie,2021,39
Pays ,Pays de naissance,Nouvelle-Calédonie,2022,20
Pays ,Pays de naissance,Nouvelle-Calédonie,2023,24
Pays ,Pays de naissance,Nouvelle-Zélande,2016,16
Pays ,Pays de naissance,Nouvelle-Zélande,2017,11
Pays ,Pays de naissance,Nouvelle-Zélande,2018,9
Pays ,Pays de naissance,Nouvelle-Zélande,2019,10
Pays ,Pays de naissance,Nouvelle-Zélande,2020,24
Pays ,Pays de naissance,Nouvelle-Zélande,2021,18
Pays ,Pays de naissance,Nouvelle-Zélande,2022,6
Pays ,Pays de naissance,Nouvelle-Zélande,2023,13
Pays ,Pays de naissance,Oman,2016,6
Pays ,Pays de naissance,Oman,2017,6
Pays ,Pays de naissance,Oman,2018,12
Pays ,Pays de naissance,Oman,2019,8
Pays ,Pays de naissance,Oman,2020,12
Pays ,Pays de naissance,Oman,2021,10
Pays ,Pays de naissance,Oman,2022,NULL
Pays ,Pays de naissance,Oman,2023,19
Pays ,Pays de naissance,Ouganda,2016,11
Pays ,Pays de naissance,Ouganda,2017,29
Pays ,Pays de naissance,Ouganda,2018,55
Pays ,Pays de naissance,Ouganda,2019,66
Pays ,Pays de naissance,Ouganda,2020,45
Pays ,Pays de naissance,Ouganda,2021,49
Pays ,Pays de naissance,Ouganda,2022,105
Pays ,Pays de naissance,Ouganda,2023,75
Pays ,Pays de naissance,Ouzbékistan,2016,40
Pays ,Pays de naissance,Ouzbékistan,2017,14
Pays ,Pays de naissance,Ouzbékistan,2018,24
Pays ,Pays de naissance,Ouzbékistan,2019,16
Pays ,Pays de naissance,Ouzbékistan,2020,11
Pays ,Pays de naissance,Ouzbékistan,2021,13
Pays ,Pays de naissance,Ouzbékistan,2022,9
Pays ,Pays de naissance,Ouzbékistan,2023,8
Pays ,Pays de naissance,Pakistan,2016,919
Pays ,Pays de naissance,Pakistan,2017,842
Pays ,Pays de naissance,Pakistan,2018,465
Pays ,Pays de naissance,Pakistan,2019,448
Pays ,Pays de naissance,Pakistan,2020,531
Pays ,Pays de naissance,Pakistan,2021,571
Pays ,Pays de naissance,Pakistan,2022,563
Pays ,Pays de naissance,Pakistan,2023,570
Pays ,Pays de naissance,Palestine,2016,42
Pays ,Pays de naissance,Palestine,2017,27
Pays ,Pays de naissance,Palestine,2018,28
Pays ,Pays de naissance,Palestine,2019,30
Pays ,Pays de naissance,Palestine,2020,34
Pays ,Pays de naissance,Palestine,2021,54
Pays ,Pays de naissance,Palestine,2022,31
Pays ,Pays de naissance,Palestine,2023,43
Pays ,Pays de naissance,Panama,2016,11
Pays ,Pays de naissance,Panama,2017,12
Pays ,Pays de naissance,Panama,2018,5
Pays ,Pays de naissance,Panama,2019,16
Pays ,Pays de naissance,Panama,2020,12
Pays ,Pays de naissance,Panama,2021,25
Pays ,Pays de naissance,Panama,2022,9
Pays ,Pays de naissance,Panama,2023,21
Pays ,Pays de naissance,Papouasie-Nouvelle-Guinée,2016,NULL
Pays ,Pays de naissance,Papouasie-Nouvelle-Guinée,2017,NULL
Pays ,Pays de naissance,Papouasie-Nouvelle-Guinée,2018,NULL
Pays ,Pays de naissance,Papouasie-Nouvelle-Guinée,2019,NULL
Pays ,Pays de naissance,Papouasie-Nouvelle-Guinée,2020,NULL
Pays ,Pays de naissance,Papouasie-Nouvelle-Guinée,2021,NULL
Pays ,Pays de naissance,Papouasie-Nouvelle-Guinée,2022,NULL
Pays ,Pays de naissance,Papouasie-Nouvelle-Guinée,2023,NULL
Pays ,Pays de naissance,Paraguay,2016,NULL
Pays ,Pays de naissance,Paraguay,2017,NULL
Pays ,Pays de naissance,Paraguay,2018,5
Pays ,Pays de naissance,Paraguay,2019,NULL
Pays ,Pays de naissance,Paraguay,2020,NULL
Pays ,Pays de naissance,Paraguay,2021,5
Pays ,Pays de naissance,Paraguay,2022,NULL
Pays ,Pays de naissance,Paraguay,2023,6
Pays ,Pays de naissance,Pays-Bas,2016,27
Pays ,Pays de naissance,Pays-Bas,2017,42
Pays ,Pays de naissance,Pays-Bas,2018,44
Pays ,Pays de naissance,Pays-Bas,2019,24
Pays ,Pays de naissance,Pays-Bas,2020,28
Pays ,Pays de naissance,Pays-Bas,2021,39
Pays ,Pays de naissance,Pays-Bas,2022,25
Pays ,Pays de naissance,Pays-Bas,2023,33
Pays ,Pays de naissance,Pérou,2016,224
Pays ,Pays de naissance,Pérou,2017,170
Pays ,Pays de naissance,Pérou,2018,171
Pays ,Pays de naissance,Pérou,2019,164
Pays ,Pays de naissance,Pérou,2020,238
Pays ,Pays de naissance,Pérou,2021,271
Pays ,Pays de naissance,Pérou,2022,291
Pays ,Pays de naissance,Pérou,2023,250
Pays ,Pays de naissance,Philippines,2016,3832
Pays ,Pays de naissance,Philippines,2017,1157
Pays ,Pays de naissance,Philippines,2018,1179
Pays ,Pays de naissance,Philippines,2019,1022
Pays ,Pays de naissance,Philippines,2020,765
Pays ,Pays de naissance,Philippines,2021,593
Pays ,Pays de naissance,Philippines,2022,426
Pays ,Pays de naissance,Philippines,2023,681
Pays ,Pays de naissance,Pologne,2016,76
Pays ,Pays de naissance,Pologne,2017,55
Pays ,Pays de naissance,Pologne,2018,35
Pays ,Pays de naissance,Pologne,2019,43
Pays ,Pays de naissance,Pologne,2020,44
Pays ,Pays de naissance,Pologne,2021,49
Pays ,Pays de naissance,Pologne,2022,40
Pays ,Pays de naissance,Pologne,2023,22
Pays ,Pays de naissance,Polynésie française,2016,7
Pays ,Pays de naissance,Polynésie française,2017,24
Pays ,Pays de naissance,Polynésie française,2018,29
Pays ,Pays de naissance,Polynésie française,2019,25
Pays ,Pays de naissance,Polynésie française,2020,35
Pays ,Pays de naissance,Polynésie française,2021,34
Pays ,Pays de naissance,Polynésie française,2022,23
Pays ,Pays de naissance,Polynésie française,2023,22
Pays ,Pays de naissance,Porto Rico,2016,NULL
Pays ,Pays de naissance,Porto Rico,2017,NULL
Pays ,Pays de naissance,Porto Rico,2018,NULL
Pays ,Pays de naissance,Porto Rico,2019,NULL
Pays ,Pays de naissance,Porto Rico,2020,NULL
Pays ,Pays de naissance,Porto Rico,2021,5
Pays ,Pays de naissance,Porto Rico,2022,5
Pays ,Pays de naissance,Porto Rico,2023,NULL
Pays ,Pays de naissance,Portugal,2016,76
Pays ,Pays de naissance,Portugal,2017,47
Pays ,Pays de naissance,Portugal,2018,46
Pays ,Pays de naissance,Portugal,2019,53
Pays ,Pays de naissance,Portugal,2020,39
Pays ,Pays de naissance,Portugal,2021,54
Pays ,Pays de naissance,Portugal,2022,32
Pays ,Pays de naissance,Portugal,2023,39
Pays ,Pays de naissance,Qatar,2016,11
Pays ,Pays de naissance,Qatar,2017,45
Pays ,Pays de naissance,Qatar,2018,106
Pays ,Pays de naissance,Qatar,2019,101
Pays ,Pays de naissance,Qatar,2020,38
Pays ,Pays de naissance,Qatar,2021,29
Pays ,Pays de naissance,Qatar,2022,27
Pays ,Pays de naissance,Qatar,2023,25
Pays ,Pays de naissance,Rép. centrafricaine,2016,200
Pays ,Pays de naissance,Rép. centrafricaine,2017,70
Pays ,Pays de naissance,Rép. centrafricaine,2018,161
Pays ,Pays de naissance,Rép. centrafricaine,2019,286
Pays ,Pays de naissance,Rép. centrafricaine,2020,211
Pays ,Pays de naissance,Rép. centrafricaine,2021,82
Pays ,Pays de naissance,Rép. centrafricaine,2022,444
Pays ,Pays de naissance,Rép. centrafricaine,2023,180
Pays ,Pays de naissance,Rép. dém. du Congo,2016,1018
Pays ,Pays de naissance,Rép. dém. du Congo,2017,976
Pays ,Pays de naissance,Rép. dém. du Congo,2018,901
Pays ,Pays de naissance,Rép. dém. du Congo,2019,1017
Pays ,Pays de naissance,Rép. dém. du Congo,2020,814
Pays ,Pays de naissance,Rép. dém. du Congo,2021,1291
Pays ,Pays de naissance,Rép. dém. du Congo,2022,1428
Pays ,Pays de naissance,Rép. dém. du Congo,2023,1485
Pays ,Pays de naissance,Rép. dominicaine,2016,237
Pays ,Pays de naissance,Rép. dominicaine,2017,294
Pays ,Pays de naissance,Rép. dominicaine,2018,266
Pays ,Pays de naissance,Rép. dominicaine,2019,182
Pays ,Pays de naissance,Rép. dominicaine,2020,322
Pays ,Pays de naissance,Rép. dominicaine,2021,379
Pays ,Pays de naissance,Rép. dominicaine,2022,322
Pays ,Pays de naissance,Rép. dominicaine,2023,323
Pays ,Pays de naissance,Rép. du Soudan du Sud,2016,NULL
Pays ,Pays de naissance,Rép. du Soudan du Sud,2017,NULL
Pays ,Pays de naissance,Rép. du Soudan du Sud,2018,NULL
Pays ,Pays de naissance,Rép. du Soudan du Sud,2019,NULL
Pays ,Pays de naissance,Rép. du Soudan du Sud,2020,11
Pays ,Pays de naissance,Rép. du Soudan du Sud,2021,NULL
Pays ,Pays de naissance,Rép. du Soudan du Sud,2022,NULL
Pays ,Pays de naissance,Rép. du Soudan du Sud,2023,NULL
Pays ,Pays de naissance,Rép. tchèque,2016,12
Pays ,Pays de naissance,Rép. tchèque,2017,5
Pays ,Pays de naissance,Rép. tchèque,2018,8
Pays ,Pays de naissance,Rép. tchèque,2019,6
Pays ,Pays de naissance,Rép. tchèque,2020,10
Pays ,Pays de naissance,Rép. tchèque,2021,17
Pays ,Pays de naissance,Rép. tchèque,2022,13
Pays ,Pays de naissance,Rép. tchèque,2023,5
Pays ,Pays de naissance,Réunion,2016,54
Pays ,Pays de naissance,Réunion,2017,48
Pays ,Pays de naissance,Réunion,2018,41
Pays ,Pays de naissance,Réunion,2019,61
Pays ,Pays de naissance,Réunion,2020,66
Pays ,Pays de naissance,Réunion,2021,76
Pays ,Pays de naissance,Réunion,2022,38
Pays ,Pays de naissance,Réunion,2023,62
Pays ,Pays de naissance,Roumanie,2016,493
Pays ,Pays de naissance,Roumanie,2017,185
Pays ,Pays de naissance,Roumanie,2018,143
Pays ,Pays de naissance,Roumanie,2019,129
Pays ,Pays de naissance,Roumanie,2020,134
Pays ,Pays de naissance,Roumanie,2021,151
Pays ,Pays de naissance,Roumanie,2022,119
Pays ,Pays de naissance,Roumanie,2023,141
Pays ,Pays de naissance,Royaume-Uni,2016,244
Pays ,Pays de naissance,Royaume-Uni,2017,220
Pays ,Pays de naissance,Royaume-Uni,2018,172
Pays ,Pays de naissance,Royaume-Uni,2019,160
Pays ,Pays de naissance,Royaume-Uni,2020,199
Pays ,Pays de naissance,Royaume-Uni,2021,285
Pays ,Pays de naissance,Royaume-Uni,2022,150
Pays ,Pays de naissance,Royaume-Uni,2023,188
Pays ,Pays de naissance,Russie,2016,393
Pays ,Pays de naissance,Russie,2017,222
Pays ,Pays de naissance,Russie,2018,146
Pays ,Pays de naissance,Russie,2019,114
Pays ,Pays de naissance,Russie,2020,112
Pays ,Pays de naissance,Russie,2021,111
Pays ,Pays de naissance,Russie,2022,164
Pays ,Pays de naissance,Russie,2023,164
Pays ,Pays de naissance,Rwanda,2016,274
Pays ,Pays de naissance,Rwanda,2017,274
Pays ,Pays de naissance,Rwanda,2018,166
Pays ,Pays de naissance,Rwanda,2019,252
Pays ,Pays de naissance,Rwanda,2020,258
Pays ,Pays de naissance,Rwanda,2021,353
Pays ,Pays de naissance,Rwanda,2022,429
Pays ,Pays de naissance,Rwanda,2023,482
Pays ,Pays de naissance,Sahara occidental,2016,NULL
Pays ,Pays de naissance,Sahara occidental,2017,NULL
Pays ,Pays de naissance,Sahara occidental,2018,NULL
Pays ,Pays de naissance,Sahara occidental,2019,NULL
Pays ,Pays de naissance,Sahara occidental,2020,NULL
Pays ,Pays de naissance,Sahara occidental,2021,NULL
Pays ,Pays de naissance,Sahara occidental,2022,NULL
Pays ,Pays de naissance,Sahara occidental,2023,NULL
Pays ,Pays de naissance,Sainte-Lucie,2016,19
Pays ,Pays de naissance,Sainte-Lucie,2017,15
Pays ,Pays de naissance,Sainte-Lucie,2018,13
Pays ,Pays de naissance,Sainte-Lucie,2019,7
Pays ,Pays de naissance,Sainte-Lucie,2020,11
Pays ,Pays de naissance,Sainte-Lucie,2021,14
Pays ,Pays de naissance,Sainte-Lucie,2022,10
Pays ,Pays de naissance,Sainte-Lucie,2023,8
Pays ,Pays de naissance,Saint-Kitts-et-Nevis,2016,NULL
Pays ,Pays de naissance,Saint-Kitts-et-Nevis,2017,NULL
Pays ,Pays de naissance,Saint-Kitts-et-Nevis,2018,NULL
Pays ,Pays de naissance,Saint-Kitts-et-Nevis,2019,NULL
Pays ,Pays de naissance,Saint-Kitts-et-Nevis,2020,NULL
Pays ,Pays de naissance,Saint-Kitts-et-Nevis,2021,NULL
Pays ,Pays de naissance,Saint-Kitts-et-Nevis,2022,NULL
Pays ,Pays de naissance,Saint-Kitts-et-Nevis,2023,NULL
Pays ,Pays de naissance,Saint-Marin,2016,NULL
Pays ,Pays de naissance,Saint-Marin,2017,NULL
Pays ,Pays de naissance,Saint-Marin,2018,NULL
Pays ,Pays de naissance,Saint-Marin,2019,NULL
Pays ,Pays de naissance,Saint-Marin,2020,NULL
Pays ,Pays de naissance,Saint-Marin,2021,NULL
Pays ,Pays de naissance,Saint-Marin,2022,NULL
Pays ,Pays de naissance,Saint-Marin,2023,NULL
Pays ,Pays de naissance,Saint-Martin,2016,NULL
Pays ,Pays de naissance,Saint-Martin,2017,NULL
Pays ,Pays de naissance,Saint-Martin,2018,NULL
Pays ,Pays de naissance,Saint-Martin,2019,NULL
Pays ,Pays de naissance,Saint-Martin,2020,NULL
Pays ,Pays de naissance,Saint-Martin,2021,NULL
Pays ,Pays de naissance,Saint-Martin,2022,NULL
Pays ,Pays de naissance,Saint-Martin,2023,NULL
Pays ,Pays de naissance,Saint-Pierre-et-Miquelon,2016,NULL
Pays ,Pays de naissance,Saint-Pierre-et-Miquelon,2017,NULL
Pays ,Pays de naissance,Saint-Pierre-et-Miquelon,2018,NULL
Pays ,Pays de naissance,Saint-Pierre-et-Miquelon,2019,NULL
Pays ,Pays de naissance,Saint-Pierre-et-Miquelon,2020,NULL
Pays ,Pays de naissance,Saint-Pierre-et-Miquelon,2021,NULL
Pays ,Pays de naissance,Saint-Pierre-et-Miquelon,2022,NULL
Pays ,Pays de naissance,Saint-Pierre-et-Miquelon,2023,NULL
Pays ,Pays de naissance,Saint-Vincent-et-les Grenadines,2016,93
Pays ,Pays de naissance,Saint-Vincent-et-les Grenadines,2017,87
Pays ,Pays de naissance,Saint-Vincent-et-les Grenadines,2018,48
Pays ,Pays de naissance,Saint-Vincent-et-les Grenadines,2019,27
Pays ,Pays de naissance,Saint-Vincent-et-les Grenadines,2020,39
Pays ,Pays de naissance,Saint-Vincent-et-les Grenadines,2021,60
Pays ,Pays de naissance,Saint-Vincent-et-les Grenadines,2022,29
Pays ,Pays de naissance,Saint-Vincent-et-les Grenadines,2023,27
Pays ,Pays de naissance,Samoa,2016,NULL
Pays ,Pays de naissance,Samoa,2017,NULL
Pays ,Pays de naissance,Samoa,2018,NULL
Pays ,Pays de naissance,Samoa,2019,NULL
Pays ,Pays de naissance,Samoa,2020,NULL
Pays ,Pays de naissance,Samoa,2021,NULL
Pays ,Pays de naissance,Samoa,2022,NULL
Pays ,Pays de naissance,Samoa,2023,NULL
Pays ,Pays de naissance,Sao Tomé-et-Principe,2016,NULL
Pays ,Pays de naissance,Sao Tomé-et-Principe,2017,NULL
Pays ,Pays de naissance,Sao Tomé-et-Principe,2018,NULL
Pays ,Pays de naissance,Sao Tomé-et-Principe,2019,NULL
Pays ,Pays de naissance,Sao Tomé-et-Principe,2020,NULL
Pays ,Pays de naissance,Sao Tomé-et-Principe,2021,NULL
Pays ,Pays de naissance,Sao Tomé-et-Principe,2022,NULL
Pays ,Pays de naissance,Sao Tomé-et-Principe,2023,NULL
Pays ,Pays de naissance,Sénégal,2016,552
Pays ,Pays de naissance,Sénégal,2017,679
Pays ,Pays de naissance,Sénégal,2018,474
Pays ,Pays de naissance,Sénégal,2019,393
Pays ,Pays de naissance,Sénégal,2020,465
Pays ,Pays de naissance,Sénégal,2021,722
Pays ,Pays de naissance,Sénégal,2022,566
Pays ,Pays de naissance,Sénégal,2023,788
Pays ,Pays de naissance,Serbie,2016,23
Pays ,Pays de naissance,Serbie,2017,13
Pays ,Pays de naissance,Serbie,2018,26
Pays ,Pays de naissance,Serbie,2019,10
Pays ,Pays de naissance,Serbie,2020,9
Pays ,Pays de naissance,Serbie,2021,14
Pays ,Pays de naissance,Serbie,2022,12
Pays ,Pays de naissance,Serbie,2023,12
Pays ,Pays de naissance,Serbie-et-Monténégro,2016,6
Pays ,Pays de naissance,Serbie-et-Monténégro,2017,NULL
Pays ,Pays de naissance,Serbie-et-Monténégro,2018,NULL
Pays ,Pays de naissance,Serbie-et-Monténégro,2019,NULL
Pays ,Pays de naissance,Serbie-et-Monténégro,2020,NULL
Pays ,Pays de naissance,Serbie-et-Monténégro,2021,NULL
Pays ,Pays de naissance,Serbie-et-Monténégro,2022,NULL
Pays ,Pays de naissance,Serbie-et-Monténégro,2023,NULL
Pays ,Pays de naissance,Seychelles,2016,5
Pays ,Pays de naissance,Seychelles,2017,NULL
Pays ,Pays de naissance,Seychelles,2018,6
Pays ,Pays de naissance,Seychelles,2019,NULL
Pays ,Pays de naissance,Seychelles,2020,NULL
Pays ,Pays de naissance,Seychelles,2021,NULL
Pays ,Pays de naissance,Seychelles,2022,NULL
Pays ,Pays de naissance,Seychelles,2023,NULL
Pays ,Pays de naissance,Sierra Leone,2016,7
Pays ,Pays de naissance,Sierra Leone,2017,5
Pays ,Pays de naissance,Sierra Leone,2018,8
Pays ,Pays de naissance,Sierra Leone,2019,6
Pays ,Pays de naissance,Sierra Leone,2020,7
Pays ,Pays de naissance,Sierra Leone,2021,12
Pays ,Pays de naissance,Sierra Leone,2022,10
Pays ,Pays de naissance,Sierra Leone,2023,14
Pays ,Pays de naissance,Singapour,2016,24
Pays ,Pays de naissance,Singapour,2017,34
Pays ,Pays de naissance,Singapour,2018,26
Pays ,Pays de naissance,Singapour,2019,17
Pays ,Pays de naissance,Singapour,2020,20
Pays ,Pays de naissance,Singapour,2021,14
Pays ,Pays de naissance,Singapour,2022,19
Pays ,Pays de naissance,Singapour,2023,12
Pays ,Pays de naissance,Slovaquie,2016,12
Pays ,Pays de naissance,Slovaquie,2017,12
Pays ,Pays de naissance,Slovaquie,2018,12
Pays ,Pays de naissance,Slovaquie,2019,NULL
Pays ,Pays de naissance,Slovaquie,2020,10
Pays ,Pays de naissance,Slovaquie,2021,9
Pays ,Pays de naissance,Slovaquie,2022,8
Pays ,Pays de naissance,Slovaquie,2023,6
Pays ,Pays de naissance,Slovénie,2016,11
Pays ,Pays de naissance,Slovénie,2017,NULL
Pays ,Pays de naissance,Slovénie,2018,NULL
Pays ,Pays de naissance,Slovénie,2019,NULL
Pays ,Pays de naissance,Slovénie,2020,NULL
Pays ,Pays de naissance,Slovénie,2021,NULL
Pays ,Pays de naissance,Slovénie,2022,NULL
Pays ,Pays de naissance,Slovénie,2023,NULL
Pays ,Pays de naissance,Somalie,2016,12
Pays ,Pays de naissance,Somalie,2017,13
Pays ,Pays de naissance,Somalie,2018,NULL
Pays ,Pays de naissance,Somalie,2019,9
Pays ,Pays de naissance,Somalie,2020,11
Pays ,Pays de naissance,Somalie,2021,5
Pays ,Pays de naissance,Somalie,2022,12
Pays ,Pays de naissance,Somalie,2023,6
Pays ,Pays de naissance,Soudan,2016,33
Pays ,Pays de naissance,Soudan,2017,59
Pays ,Pays de naissance,Soudan,2018,45
Pays ,Pays de naissance,Soudan,2019,60
Pays ,Pays de naissance,Soudan,2020,62
Pays ,Pays de naissance,Soudan,2021,66
Pays ,Pays de naissance,Soudan,2022,39
Pays ,Pays de naissance,Soudan,2023,67
Pays ,Pays de naissance,Sri Lanka,2016,350
Pays ,Pays de naissance,Sri Lanka,2017,137
Pays ,Pays de naissance,Sri Lanka,2018,109
Pays ,Pays de naissance,Sri Lanka,2019,89
Pays ,Pays de naissance,Sri Lanka,2020,120
Pays ,Pays de naissance,Sri Lanka,2021,120
Pays ,Pays de naissance,Sri Lanka,2022,190
Pays ,Pays de naissance,Sri Lanka,2023,142
Pays ,Pays de naissance,Suède,2016,17
Pays ,Pays de naissance,Suède,2017,20
Pays ,Pays de naissance,Suède,2018,15
Pays ,Pays de naissance,Suède,2019,7
Pays ,Pays de naissance,Suède,2020,12
Pays ,Pays de naissance,Suède,2021,23
Pays ,Pays de naissance,Suède,2022,8
Pays ,Pays de naissance,Suède,2023,19
Pays ,Pays de naissance,Suisse,2016,76
Pays ,Pays de naissance,Suisse,2017,100
Pays ,Pays de naissance,Suisse,2018,88
Pays ,Pays de naissance,Suisse,2019,88
Pays ,Pays de naissance,Suisse,2020,98
Pays ,Pays de naissance,Suisse,2021,137
Pays ,Pays de naissance,Suisse,2022,62
Pays ,Pays de naissance,Suisse,2023,59
Pays ,Pays de naissance,Suriname,2016,NULL
Pays ,Pays de naissance,Suriname,2017,NULL
Pays ,Pays de naissance,Suriname,2018,NULL
Pays ,Pays de naissance,Suriname,2019,NULL
Pays ,Pays de naissance,Suriname,2020,NULL
Pays ,Pays de naissance,Suriname,2021,NULL
Pays ,Pays de naissance,Suriname,2022,NULL
Pays ,Pays de naissance,Suriname,2023,NULL
Pays ,Pays de naissance,Swaziland,2016,NULL
Pays ,Pays de naissance,Swaziland,2017,NULL
Pays ,Pays de naissance,Swaziland,2018,NULL
Pays ,Pays de naissance,Swaziland,2019,NULL
Pays ,Pays de naissance,Swaziland,2020,NULL
Pays ,Pays de naissance,Swaziland,2021,NULL
Pays ,Pays de naissance,Swaziland,2022,NULL
Pays ,Pays de naissance,Swaziland,2023,NULL
Pays ,Pays de naissance,Syrie,2016,6124
Pays ,Pays de naissance,Syrie,2017,3531
Pays ,Pays de naissance,Syrie,2018,3601
Pays ,Pays de naissance,Syrie,2019,2108
Pays ,Pays de naissance,Syrie,2020,758
Pays ,Pays de naissance,Syrie,2021,406
Pays ,Pays de naissance,Syrie,2022,846
Pays ,Pays de naissance,Syrie,2023,953
Pays ,Pays de naissance,Tadjikistan,2016,38
Pays ,Pays de naissance,Tadjikistan,2017,10
Pays ,Pays de naissance,Tadjikistan,2018,8
Pays ,Pays de naissance,Tadjikistan,2019,7
Pays ,Pays de naissance,Tadjikistan,2020,8
Pays ,Pays de naissance,Tadjikistan,2021,7
Pays ,Pays de naissance,Tadjikistan,2022,67
Pays ,Pays de naissance,Tadjikistan,2023,12
Pays ,Pays de naissance,Taïwan,2016,123
Pays ,Pays de naissance,Taïwan,2017,147
Pays ,Pays de naissance,Taïwan,2018,137
Pays ,Pays de naissance,Taïwan,2019,91
Pays ,Pays de naissance,Taïwan,2020,80
Pays ,Pays de naissance,Taïwan,2021,91
Pays ,Pays de naissance,Taïwan,2022,33
Pays ,Pays de naissance,Taïwan,2023,61
Pays ,Pays de naissance,Tanzanie,2016,57
Pays ,Pays de naissance,Tanzanie,2017,127
Pays ,Pays de naissance,Tanzanie,2018,81
Pays ,Pays de naissance,Tanzanie,2019,77
Pays ,Pays de naissance,Tanzanie,2020,46
Pays ,Pays de naissance,Tanzanie,2021,63
Pays ,Pays de naissance,Tanzanie,2022,173
Pays ,Pays de naissance,Tanzanie,2023,78
Pays ,Pays de naissance,Tchad,2016,136
Pays ,Pays de naissance,Tchad,2017,130
Pays ,Pays de naissance,Tchad,2018,85
Pays ,Pays de naissance,Tchad,2019,177
Pays ,Pays de naissance,Tchad,2020,176
Pays ,Pays de naissance,Tchad,2021,264
Pays ,Pays de naissance,Tchad,2022,234
Pays ,Pays de naissance,Tchad,2023,182
Pays ,Pays de naissance,Tchécoslovaquie,2016,NULL
Pays ,Pays de naissance,Tchécoslovaquie,2017,NULL
Pays ,Pays de naissance,Tchécoslovaquie,2018,NULL
Pays ,Pays de naissance,Tchécoslovaquie,2019,NULL
Pays ,Pays de naissance,Tchécoslovaquie,2020,NULL
Pays ,Pays de naissance,Tchécoslovaquie,2021,NULL
Pays ,Pays de naissance,Tchécoslovaquie,2022,NULL
Pays ,Pays de naissance,Tchécoslovaquie,2023,NULL
Pays ,Pays de naissance,Thaïlande,2016,60
Pays ,Pays de naissance,Thaïlande,2017,92
Pays ,Pays de naissance,Thaïlande,2018,70
Pays ,Pays de naissance,Thaïlande,2019,65
Pays ,Pays de naissance,Thaïlande,2020,58
Pays ,Pays de naissance,Thaïlande,2021,58
Pays ,Pays de naissance,Thaïlande,2022,64
Pays ,Pays de naissance,Thaïlande,2023,52
Pays ,Pays de naissance,Tibet,2016,7
Pays ,Pays de naissance,Tibet,2017,NULL
Pays ,Pays de naissance,Tibet,2018,NULL
Pays ,Pays de naissance,Tibet,2019,NULL
Pays ,Pays de naissance,Tibet,2020,NULL
Pays ,Pays de naissance,Tibet,2021,NULL
Pays ,Pays de naissance,Tibet,2022,NULL
Pays ,Pays de naissance,Tibet,2023,NULL
Pays ,Pays de naissance,Timor-Leste,2016,NULL
Pays ,Pays de naissance,Timor-Leste,2017,NULL
Pays ,Pays de naissance,Timor-Leste,2018,NULL
Pays ,Pays de naissance,Timor-Leste,2019,NULL
Pays ,Pays de naissance,Timor-Leste,2020,NULL
Pays ,Pays de naissance,Timor-Leste,2021,NULL
Pays ,Pays de naissance,Timor-Leste,2022,NULL
Pays ,Pays de naissance,Timor-Leste,2023,NULL
Pays ,Pays de naissance,Togo,2016,351
Pays ,Pays de naissance,Togo,2017,550
Pays ,Pays de naissance,Togo,2018,255
Pays ,Pays de naissance,Togo,2019,169
Pays ,Pays de naissance,Togo,2020,240
Pays ,Pays de naissance,Togo,2021,380
Pays ,Pays de naissance,Togo,2022,528
Pays ,Pays de naissance,Togo,2023,779
Pays ,Pays de naissance,Tonga,2016,NULL
Pays ,Pays de naissance,Tonga,2017,NULL
Pays ,Pays de naissance,Tonga,2018,NULL
Pays ,Pays de naissance,Tonga,2019,NULL
Pays ,Pays de naissance,Tonga,2020,NULL
Pays ,Pays de naissance,Tonga,2021,NULL
Pays ,Pays de naissance,Tonga,2022,NULL
Pays ,Pays de naissance,Tonga,2023,NULL
Pays ,Pays de naissance,Trinité-et-Tobago,2016,23
Pays ,Pays de naissance,Trinité-et-Tobago,2017,16
Pays ,Pays de naissance,Trinité-et-Tobago,2018,27
Pays ,Pays de naissance,Trinité-et-Tobago,2019,9
Pays ,Pays de naissance,Trinité-et-Tobago,2020,10
Pays ,Pays de naissance,Trinité-et-Tobago,2021,12
Pays ,Pays de naissance,Trinité-et-Tobago,2022,9
Pays ,Pays de naissance,Trinité-et-Tobago,2023,15
Pays ,Pays de naissance,Tunisie,2016,1827
Pays ,Pays de naissance,Tunisie,2017,2198
Pays ,Pays de naissance,Tunisie,2018,2139
Pays ,Pays de naissance,Tunisie,2019,1236
Pays ,Pays de naissance,Tunisie,2020,1513
Pays ,Pays de naissance,Tunisie,2021,2661
Pays ,Pays de naissance,Tunisie,2022,2114
Pays ,Pays de naissance,Tunisie,2023,4130
Pays ,Pays de naissance,Turkménistan,2016,5
Pays ,Pays de naissance,Turkménistan,2017,9
Pays ,Pays de naissance,Turkménistan,2018,NULL
Pays ,Pays de naissance,Turkménistan,2019,NULL
Pays ,Pays de naissance,Turkménistan,2020,NULL
Pays ,Pays de naissance,Turkménistan,2021,NULL
Pays ,Pays de naissance,Turkménistan,2022,NULL
Pays ,Pays de naissance,Turkménistan,2023,NULL
Pays ,Pays de naissance,Turquie,2016,223
Pays ,Pays de naissance,Turquie,2017,291
Pays ,Pays de naissance,Turquie,2018,380
Pays ,Pays de naissance,Turquie,2019,301
Pays ,Pays de naissance,Turquie,2020,211
Pays ,Pays de naissance,Turquie,2021,220
Pays ,Pays de naissance,Turquie,2022,176
Pays ,Pays de naissance,Turquie,2023,875
Pays ,Pays de naissance,Ukraine,2016,598
Pays ,Pays de naissance,Ukraine,2017,195
Pays ,Pays de naissance,Ukraine,2018,241
Pays ,Pays de naissance,Ukraine,2019,107
Pays ,Pays de naissance,Ukraine,2020,141
Pays ,Pays de naissance,Ukraine,2021,148
Pays ,Pays de naissance,Ukraine,2022,175
Pays ,Pays de naissance,Ukraine,2023,148
Pays ,Pays de naissance,Union soviétique,2016,59
Pays ,Pays de naissance,Union soviétique,2017,94
Pays ,Pays de naissance,Union soviétique,2018,76
Pays ,Pays de naissance,Union soviétique,2019,64
Pays ,Pays de naissance,Union soviétique,2020,84
Pays ,Pays de naissance,Union soviétique,2021,64
Pays ,Pays de naissance,Union soviétique,2022,62
Pays ,Pays de naissance,Union soviétique,2023,41
Pays ,Pays de naissance,Uruguay,2016,5
Pays ,Pays de naissance,Uruguay,2017,7
Pays ,Pays de naissance,Uruguay,2018,17
Pays ,Pays de naissance,Uruguay,2019,12
Pays ,Pays de naissance,Uruguay,2020,15
Pays ,Pays de naissance,Uruguay,2021,28
Pays ,Pays de naissance,Uruguay,2022,6
Pays ,Pays de naissance,Uruguay,2023,7
Pays ,Pays de naissance,Vanuatu,2016,NULL
Pays ,Pays de naissance,Vanuatu,2017,NULL
Pays ,Pays de naissance,Vanuatu,2018,NULL
Pays ,Pays de naissance,Vanuatu,2019,NULL
Pays ,Pays de naissance,Vanuatu,2020,NULL
Pays ,Pays de naissance,Vanuatu,2021,NULL
Pays ,Pays de naissance,Vanuatu,2022,NULL
Pays ,Pays de naissance,Vanuatu,2023,NULL
Pays ,Pays de naissance,Venezuela,2016,504
Pays ,Pays de naissance,Venezuela,2017,360
Pays ,Pays de naissance,Venezuela,2018,501
Pays ,Pays de naissance,Venezuela,2019,686
Pays ,Pays de naissance,Venezuela,2020,633
Pays ,Pays de naissance,Venezuela,2021,391
Pays ,Pays de naissance,Venezuela,2022,458
Pays ,Pays de naissance,Venezuela,2023,481
Pays ,Pays de naissance,Vietnam,2016,550
Pays ,Pays de naissance,Vietnam,2017,415
Pays ,Pays de naissance,Vietnam,2018,413
Pays ,Pays de naissance,Vietnam,2019,392
Pays ,Pays de naissance,Vietnam,2020,490
Pays ,Pays de naissance,Vietnam,2021,451
Pays ,Pays de naissance,Vietnam,2022,408
Pays ,Pays de naissance,Vietnam,2023,454
Pays ,Pays de naissance,Wallis-et-Futuna,2016,NULL
Pays ,Pays de naissance,Wallis-et-Futuna,2017,NULL
Pays ,Pays de naissance,Wallis-et-Futuna,2018,NULL
Pays ,Pays de naissance,Wallis-et-Futuna,2019,NULL
Pays ,Pays de naissance,Wallis-et-Futuna,2020,NULL
Pays ,Pays de naissance,Wallis-et-Futuna,2021,NULL
Pays ,Pays de naissance,Wallis-et-Futuna,2022,NULL
Pays ,Pays de naissance,Wallis-et-Futuna,2023,NULL
Pays ,Pays de naissance,Yémen,2016,37
Pays ,Pays de naissance,Yémen,2017,36
Pays ,Pays de naissance,Yémen,2018,80
Pays ,Pays de naissance,Yémen,2019,120
Pays ,Pays de naissance,Yémen,2020,73
Pays ,Pays de naissance,Yémen,2021,85
Pays ,Pays de naissance,Yémen,2022,50
Pays ,Pays de naissance,Yémen,2023,85
Pays ,Pays de naissance,Yougoslavie,2016,5
Pays ,Pays de naissance,Yougoslavie,2017,5
Pays ,Pays de naissance,Yougoslavie,2018,NULL
Pays ,Pays de naissance,Yougoslavie,2019,NULL
Pays ,Pays de naissance,Yougoslavie,2020,NULL
Pays ,Pays de naissance,Yougoslavie,2021,NULL
Pays ,Pays de naissance,Yougoslavie,2022,NULL
Pays ,Pays de naissance,Yougoslavie,2023,NULL
Pays ,Pays de naissance,z - Non disponible,2016,814
Pays ,Pays de naissance,z - Non disponible,2017,31
Pays ,Pays de naissance,z - Non disponible,2018,13
Pays ,Pays de naissance,z - Non disponible,2019,6
Pays ,Pays de naissance,z - Non disponible,2020,NULL
Pays ,Pays de naissance,z - Non disponible,2021,8
Pays ,Pays de naissance,z - Non disponible,2022,NULL
Pays ,Pays de naissance,z - Non disponible,2023,17
Pays ,Pays de naissance,Zambie,2016,12
Pays ,Pays de naissance,Zambie,2017,8
Pays ,Pays de naissance,Zambie,2018,5
Pays ,Pays de naissance,Zambie,2019,9
Pays ,Pays de naissance,Zambie,2020,5
Pays ,Pays de naissance,Zambie,2021,7
Pays ,Pays de naissance,Zambie,2022,NULL
Pays ,Pays de naissance,Zambie,2023,12
Pays ,Pays de naissance,Zimbabwe,2016,27
Pays ,Pays de naissance,Zimbabwe,2017,22
Pays ,Pays de naissance,Zimbabwe,2018,20
Pays ,Pays de naissance,Zimbabwe,2019,17
Pays ,Pays de naissance,Zimbabwe,2020,18
Pays ,Pays de naissance,Zimbabwe,2021,46
Pays ,Pays de naissance,Zimbabwe,2022,42
Pays ,Pays de naissance,Zimbabwe,2023,48
